split,model,date,feature_date,c_q_realised,k_irb_true,alpha_oracle,alpha_bayes,alpha_hat,alpha_hat_std,utility_oracle,utility_bayes_realised,utility,regret,regret_vs_bayes,regret_irreducible,alpha_oracle_panel,utility_oracle_panel,shortfall_realised_at_hat
main,blackbox_linear,2117-07-01,2117-04-01,0.0046464481678886,0.1101230619491977,0.5051282820263966,0.4988594534049984,0.47095853090286255,,1.061391027574732,1.0606291422389638,1.0572381891610299,0.004152838413702176,0.0033909530779339114,0.0007618853357682642,0.5051282820263966,1.0613910275747316,0.0
main,blackbox_linear,2117-10-01,2117-07-01,0.003334818193602,0.106787807935257,0.517270026651181,0.508992955509526,0.49163681268692017,,1.0696513495185849,1.0685368268411162,1.066199790655474,0.0034515588631107708,0.002337036185642072,0.001114522677468699,0.517270026651181,1.0696513495185849,0.0
main,blackbox_linear,2118-01-01,2117-10-01,0.0038926645782196,0.1075290409842279,0.513817299483741,0.5067110372297169,0.488483726978302,,1.0663201222995005,1.065402893194422,1.0630502331219034,0.003269889177597074,0.002352660072518553,0.0009172291050785208,0.513817299483741,1.0663201222995002,0.0
main,blackbox_linear,2118-04-01,2118-01-01,0.003431907570714,0.0956510509849462,0.5485976305833554,0.5453247538251181,0.4727979302406311,,1.073337038321256,1.072899517131118,1.0632040643183187,0.010132974002937223,0.009695452812799266,0.0004375211901379572,0.5485976305833554,1.0733370383212557,0.0
main,blackbox_linear,2118-07-01,2118-04-01,0.0018449843755585,0.0886378766620879,0.5757620414442027,0.5701593465137365,0.4829878807067871,,1.0861053032575838,1.0852674193553429,1.072230913023859,0.013874390233724831,0.0130365063314839,0.0008378839022409323,0.5757620414442027,1.0861053032575836,0.0
main,blackbox_linear,2118-10-01,2118-07-01,0.0013238370475635,0.0844454602856122,0.5918234927371533,0.5857680116665165,0.49583378434181213,,1.0915915681268031,1.090654412008757,1.0767360444379714,0.014855523688831695,0.013918367570785461,0.000937156118046234,0.5918234927371533,1.0915915681268027,0.0
main,blackbox_linear,2119-01-01,2118-10-01,0.0024234516405328,0.0944440031452647,0.5553474393572376,0.5494904980541843,0.5133150815963745,,1.079839793182256,1.078997767183437,1.0737969909421412,0.006042802240114886,0.005200776241295779,0.000842025998819107,0.5553474393572376,1.079839793182256,0.0
main,blackbox_linear,2119-04-01,2119-01-01,0.0022696419060457,0.0867653647060218,0.5806020596323087,0.577056488172967,0.5006231069564819,,1.0843635583654485,1.0838483741359288,1.0727423301418566,0.011621228223591906,0.011106043994072223,0.0005151842295196829,0.5806020596323087,1.0843635583654485,0.0
main,blackbox_linear,2119-07-01,2119-04-01,0.001037880606969,0.0860133289682988,0.5873673362923427,0.5798598950406592,0.5128976106643677,,1.092581540822065,1.0913982089686125,1.0808435337569209,0.011738007065144052,0.010554675211691622,0.0011833318534524295,0.5873673362923427,1.0925815408220645,0.0
main,blackbox_linear,2119-10-01,2119-07-01,0.001953226326223,0.091804343876531,0.5651072126198028,0.5587561538015032,0.5355588793754578,,1.0839001888718518,1.08295726154321,1.0795132147106905,0.0043869741611612945,0.0034440468325194207,0.0009429273286418738,0.5651072126198028,1.0839001888718514,0.0
main,blackbox_linear,2120-01-01,2119-10-01,0.0023206981647562,0.0946879298997749,0.5549123851657287,0.5486450780725003,0.514304518699646,,1.0803474391692964,1.0794399768583258,1.0744677036148196,0.00587973555447685,0.004972273243506242,0.0009074623109706081,0.5549123851657287,1.080347439169296,0.0
main,blackbox_linear,2120-04-01,2120-01-01,0.0018194577858864,0.0895030246819608,0.5729920773722285,0.5670118212881861,0.5090383887290955,,1.085837320034273,1.084941445247091,1.0762567107096057,0.00958060932466731,0.008684734537485195,0.000895874787182116,0.5729920773722285,1.085837320034273,0.0
main,blackbox_linear,2120-07-01,2120-04-01,0.0044748588130301,0.1014923600159613,0.5286328100799579,0.5257923351266433,0.5034942030906677,,1.0651547402030013,1.0648046476546245,1.0620563713991338,0.0030983688038674906,0.002748276255490678,0.0003500925483768125,0.5286328100799579,1.065154740203001,0.0
main,blackbox_linear,2120-10-01,2120-07-01,0.0030774858555598,0.1034833657791074,0.5269790795528009,0.5193738913847844,0.5021170377731323,,1.072314778729874,1.0712711557078065,1.0689030815300622,0.003411697199811714,0.002368074177744317,0.001043623022067397,0.5269790795528009,1.0723147787298737,0.0
main,blackbox_linear,2121-01-01,2120-10-01,0.0033678247044708,0.0955560954800338,0.5490766875550543,0.5456508542362266,0.49758851528167725,,1.07375294317928,1.0732927792425624,1.066836961623056,0.006915981556224082,0.006455817619506421,0.0004601639367176613,0.5490766875550543,1.07375294317928,0.0
main,blackbox_linear,2121-04-01,2121-01-01,0.0032914771605026,0.1044508224574533,0.5237184208368246,0.5162994396063866,0.4766124486923218,,1.0707466224933975,1.0697444277194257,1.0643833014874902,0.0063633210059073075,0.00536112623193552,0.0010021947739717874,0.5237184208368246,1.0707466224933972,0.0
main,blackbox_linear,2121-07-01,2121-04-01,0.0031338406991878,0.1034801971692825,0.5268314167288562,0.5193840085254703,0.49658194184303284,,1.0719976206568913,1.0709798459880346,1.0678636792313354,0.004133941425555898,0.0031161667566992346,0.0010177746688566636,0.5268314167288562,1.071997620656891,0.0
main,blackbox_linear,2121-10-01,2121-07-01,0.0023668193991064,0.1013973346609954,0.5348618843201051,0.5261017324583076,0.4882773160934448,,1.0771975817292634,1.0759332131901376,1.070473946864963,0.006723634864300276,0.005459266325174461,0.0012643685391258153,0.5348618843201051,1.0771975817292632,0.0
main,blackbox_linear,2122-01-01,2121-10-01,0.0026040428769806,0.096629588239463,0.5481445463343512,0.5419801941532936,0.5101602077484131,,1.0778143647697938,1.0769392759772585,1.0724221243506715,0.0053922404191222295,0.004517151626586946,0.0008750887925352835,0.5481445463343512,1.0778143647697933,0.0
main,blackbox_linear,2122-04-01,2122-01-01,0.0018696712017967,0.0921274934401449,0.564343107370931,0.5576102638715267,0.5106094479560852,,1.0842582814804775,1.0832530458085474,1.0762356694545343,0.008022612025943232,0.007017376354013116,0.0010052356719301159,0.564343107370931,1.0842582814804769,0.0
main,blackbox_linear,2122-07-01,2122-04-01,0.002378946106519,0.0871029933029207,0.5790993524014943,0.5758041790648044,0.5313340425491333,,1.0835122297066189,1.083037030983851,1.0766239686304218,0.006888261076197111,0.006413062353429311,0.00047519872276780006,0.5790993524014943,1.0835122297066186,0.0
main,blackbox_linear,2122-10-01,2122-07-01,0.0007669524918091,0.0682302326485362,0.6570423739215355,0.6527806092902988,0.5125914216041565,,1.105343915959785,1.1046606252117714,1.0821840261487055,0.023159889811079637,0.022476599063065983,0.0006832907480136541,0.6570423739215355,1.1053439159597849,0.0
main,blackbox_linear,2123-01-01,2122-10-01,0.0014331430557052,0.0799867615535493,0.6074599544801261,0.603065122872588,0.5439875721931458,,1.0933475021988392,1.0926721547127658,1.0835937920136631,0.009753710185176123,0.009078362699102671,0.0006753474860734521,0.6074599544801261,1.0933475021988388,0.0
main,blackbox_linear,2123-04-01,2123-01-01,0.0014027152393473,0.0781356703883449,0.6144831704008517,0.6104766077627699,0.5363802909851074,,1.0946137235529059,1.0939968216944065,1.0825880008029944,0.012025722749911427,0.011408820891412041,0.0006169018584993857,0.6144831704008517,1.0946137235529056,0.0
main,blackbox_linear,2123-07-01,2123-04-01,0.001680214982694,0.0900195843226915,0.5717559393260566,0.5651440594808658,0.5076837539672852,,1.0864482688497783,1.0854485668315823,1.0767606921676423,0.009687576682136045,0.008687874663940054,0.0009997020181959915,0.5717559393260566,1.086448268849778,0.0
main,blackbox_linear,2123-10-01,2123-07-01,0.0029192418653404,0.0934204069794629,0.5569800324048031,0.5530580065267031,0.5247734189033508,,1.0773130511564595,1.0767686442303417,1.0728425290329582,0.004470522123501297,0.003926115197383506,0.0005444069261177908,0.5569800324048031,1.0773130511564593,0.0
main,blackbox_linear,2124-01-01,2123-10-01,0.0031721962850861,0.0976162387927398,0.5435124187646913,0.5386373778048142,0.4888421297073364,,1.074068805595433,1.073404444582399,1.0666184459123207,0.007450359683112362,0.00678599867007823,0.0006643610130341315,0.5435124187646913,1.0740688055954326,0.0
main,blackbox_linear,2124-04-01,2124-01-01,0.0016825887383261,0.0741199031540513,0.6289209589653725,0.6270630751777315,0.5041886568069458,,1.0950765678776586,1.0947957039447167,1.0762202727842156,0.018856295093443,0.018575431160501088,0.0002808639329419105,0.6289209589653725,1.0950765678776582,0.0
main,blackbox_linear,2124-07-01,2124-04-01,0.0017343836039518,0.0697465906305025,0.6464919178859729,0.6459898853460861,0.5425630211830139,,1.0973979923801556,1.0973223580835127,1.0817404634782426,0.015657528901912965,0.015581894605270152,7.563429664281252e-05,0.6464919178859729,1.0973979923801551,0.0
main,blackbox_linear,2124-10-01,2124-07-01,0.0009269564785414,0.0641034658774212,0.6746253400539358,0.6719071233374737,0.5195241570472717,,1.1070835738335494,1.1066521101111373,1.0824642955526043,0.024619278280945123,0.024187814558533027,0.0004314637224120954,0.6746253400539358,1.107083573833549,0.0
main,blackbox_linear,2125-01-01,2124-10-01,0.0016069152088429,0.0786103512952609,0.6119304363114044,0.6085625165334264,0.543632984161377,,1.0929711100516892,1.0924594191441226,1.0825946202363357,0.010376489815353551,0.00986479890778691,0.000511690907566642,0.6119304363114044,1.0929711100516888,0.0
main,blackbox_linear,2125-04-01,2125-01-01,0.0014058255324924,0.0851960099459606,0.588921783514843,0.5829289193150533,0.5163557529449463,,1.0906596468314325,1.089737094860916,1.0794887054813576,0.011170941350074903,0.010248389379558409,0.0009225519705164942,0.588921783514843,1.0906596468314322,0.0
main,blackbox_linear,2125-07-01,2125-04-01,0.0015266748370581,0.0846421242345668,0.5904275163579575,0.5850221494651862,0.5453255772590637,,1.090177914424833,1.0893523351630494,1.0832893486114668,0.006888565813366165,0.006062986551582661,0.0008255792617835045,0.5904275163579575,1.0901779144248325,0.0
main,blackbox_linear,2125-10-01,2125-07-01,0.0031086430804101,0.097824156447611,0.5430862934378949,0.5379367200105764,0.5410522222518921,,1.0743558828159536,1.073650836338183,1.0740773908698793,0.0002784919460743218,-0.000426554531696377,0.0007050464777706988,0.5430862934378949,1.0743558828159534,0.0
main,blackbox_linear,2126-01-01,2125-10-01,0.0029455286464137,0.097230963365767,0.5453261629294208,0.5399391865118397,0.5065364837646484,,1.075552057026668,1.0748057199220695,1.0701779520386365,0.00537410498803137,0.004627767883432998,0.0007463371045983713,0.5453261629294208,1.075552057026668,0.0
main,blackbox_linear,2126-04-01,2126-01-01,0.0026779890370434,0.0997857084742158,0.5386082497152803,0.5313913578436484,0.49673885107040405,,1.0760623160721805,1.0750431458108836,1.0701495150054272,0.005912801066753293,0.00489363080545635,0.0010191702612969422,0.5386082497152803,1.0760623160721805,0.0
main,blackbox_linear,2126-07-01,2126-04-01,0.0017381407545524,0.0901439353911412,0.5711606858809608,0.5646957149716909,0.4959035813808441,,1.0860274185727234,1.08505367375411,1.0746922994207164,0.011335119152007023,0.01036137433339368,0.0009737448186133424,0.5711606858809608,1.0860274185727232,0.0
main,blackbox_linear,2126-10-01,2126-07-01,0.0017227197310827,0.0817850311011536,0.5998521306223927,0.5959974972790344,0.5046382546424866,,1.09044138693301,1.0898602130604922,1.0760857239966202,0.014355662936389901,0.01377448906387202,0.0005811738725178817,0.5998521213892816,1.0904413855409074,0.0
main,blackbox_linear,2127-01-01,2126-10-01,0.0009438602523215,0.0793146613638638,0.6117759914162539,0.605739781991869,0.5135141015052795,,1.097004056141707,1.0960469463399136,1.0814235135587127,0.015580542582994239,0.014623432781200929,0.00095710980179331,0.6117759914162539,1.0970040561417067,0.0
main,blackbox_linear,2127-04-01,2127-01-01,0.0011871842517952,0.0764844968383655,0.6216134394918945,0.617209771128585,0.5322782397270203,,1.097051360973948,1.096363824346222,1.0831036208363676,0.013947740137580489,0.013260203509854351,0.0006875366277261374,0.6216134394918945,1.0970513609739476,0.0
main,blackbox_linear,2127-07-01,2127-04-01,0.0012066239471643,0.0837607327967529,0.5946457185314341,0.5883757947778555,0.5404807329177856,,1.0927253430726935,1.0917476502835717,1.0842791931769928,0.008446149895700694,0.007468457106578841,0.0009776927891218534,0.5946457185314341,1.092725343072693,0.0
main,blackbox_linear,2127-10-01,2127-07-01,0.0019269113539385,0.0939512047654538,0.5584155166268796,0.5512040208351471,0.5270329713821411,,1.083053634801278,1.081981062639466,1.0783860810276378,0.004667553773640254,0.003594981611828141,0.0010725721618121131,0.5584155166268796,1.0830536348012776,0.0
main,blackbox_linear,2128-01-01,2127-10-01,0.0017811600064771,0.0857617911723246,0.5856757118697162,0.5808019292560908,0.5250144004821777,,1.087961698046639,1.087229712434266,1.0788510727513718,0.009110625295267072,0.008378639682894207,0.0007319856123728652,0.5856757118697162,1.0879616980466384,0.0
main,blackbox_linear,2128-04-01,2128-01-01,0.0029261621946995,0.0989870512265248,0.5402099415453206,0.5340421743556467,0.5450915694236755,,1.0749478510981065,1.0740921450820022,0.6237991078147356,0.45114874328337096,0.45029303726726666,0.0008557060161042962,0.5402099415453206,1.074947851098106,0.009036520248349444
main,blackbox_linear,2128-07-01,2128-04-01,0.0041360866363079,0.1101923405491702,0.5062562434724939,0.4986526098256669,0.5044087767601013,,1.0641118520716388,1.063148934494112,1.0638778904877584,0.00023396158388044874,-0.0007289559936463075,0.0009629175775267562,0.5062562434724939,1.0641118520716384,0.0
main,blackbox_linear,2128-10-01,2128-07-01,0.0019435435321739,0.1003459746495581,0.5391140127854378,0.5295434345644117,0.48586833477020264,,1.080093238621419,1.0786713898342928,1.0721828176460868,0.007910420975332233,0.006488572188205977,0.0014218487871262564,0.5391140127854378,1.0800932386214188,0.0
main,blackbox_linear,2129-01-01,2128-10-01,0.0027825556097087,0.10017464664598,0.5371803914048903,0.5301075012123047,0.48131266236305237,,1.0752989626407297,1.0743075241911977,1.0674677347901713,0.007831227850558342,0.006839789401026364,0.0009914384495319783,0.5371803914048858,1.075298962640729,0.0
main,blackbox_linear,2129-04-01,2129-01-01,0.0025824414943724,0.09654598585968,0.5484608226708961,0.5422648030976002,0.4946032762527466,,1.077977738343681,1.0770968156358276,1.070320510171985,0.007657228171696007,0.006776305463842558,0.0008809227078534487,0.5484608226708961,1.077977738343681,0.0
main,blackbox_linear,2129-07-01,2129-04-01,0.0025047085688106,0.0930653372739422,0.5593778242794061,0.554303032046022,0.4957481622695923,,1.0799646901821875,1.0792392338428978,1.070868644561204,0.00909604562098365,0.008370589281693874,0.0007254563392897762,0.5593778242794061,1.0799646901821875,0.0
main,blackbox_linear,2129-10-01,2129-07-01,0.0027770440713358,0.0900072002396945,0.5682326783889705,0.5651887429130621,0.5165942907333374,,1.0796830180627535,1.0792561683324693,1.0724417897195313,0.007241228343222161,0.006814378612937988,0.0004268497302841734,0.5682326783889705,1.079683018062753,0.0
main,blackbox_linear,2130-01-01,2129-10-01,0.0012114331520512,0.076519063936212,0.6213862509584609,0.6170675998801544,0.49538230895996094,,1.0968652111146227,1.0961919953043509,1.0772230023851357,0.019642208729486965,0.018968992919215166,0.0006732158102717989,0.6213862509584609,1.0968652111146222,0.0
main,blackbox_linear,2130-04-01,2130-01-01,0.0010785517242448,0.0669179469821653,0.6613909695927529,0.6587579950910906,0.567553699016571,,1.1039802391850404,1.1035662974606473,1.0892276612280256,0.01475257795701479,0.01433863623262166,0.0004139417243931298,0.6613909695927529,1.10398023918504,0.0
main,blackbox_linear,2130-07-01,2130-04-01,0.0005788023668813,0.0707748135153114,0.6470246514534325,0.6414538911626174,0.5628707408905029,,1.1049551474472588,1.1040515034108185,1.091304375298848,0.013650772148410706,0.01274712811197043,0.0009036440364402765,0.6470246514534325,1.1049551474472583,0.0
main,blackbox_linear,2130-10-01,2130-07-01,0.0009989580241104,0.0757974442970244,0.6250140529631482,0.6200466147549228,0.5633301138877869,,1.098758732863916,1.0979738258675076,1.0890120277582358,0.009746705105680098,0.008961798109271779,0.0007849069964083188,0.6250140529631482,1.0987587328639157,0.0
main,blackbox_linear,2131-01-01,2130-10-01,0.0010795168852779,0.0760188996733824,0.6238364714281416,0.6191299287468811,0.5469266176223755,,1.098070107154339,1.097330215906844,1.0859795065732463,0.012090600581092792,0.01135070933359783,0.0007398912474949615,0.6238364714281416,1.0980701071543386,0.0
main,blackbox_linear,2131-04-01,2131-01-01,0.0009119533180449,0.0696433310138965,0.650384136294918,0.6464484465501985,0.5245113372802734,,1.103333335186567,1.102708030962669,1.0833346061192368,0.019998729067330245,0.019373424843432074,0.000625304223898171,0.650384136294918,1.1033333351865668,0.0
main,blackbox_linear,2131-07-01,2131-04-01,0.0010016876954569,0.0711327566640048,0.6437722083411147,0.6398875476990619,0.552678644657135,,1.1017051440035832,1.10109143318338,1.0873138983234503,0.014391245680132947,0.01377753485992983,0.0006137108202031172,0.6437722083411147,1.101705144003583,0.0
main,blackbox_linear,2131-10-01,2131-07-01,0.0010901731746008,0.0684094140546551,0.6548806115321418,0.6519717660066762,0.5215986371040344,,1.1028806099848147,1.1024236353901455,1.0819422426126861,0.02093836737212862,0.020481392777459417,0.00045697459466920165,0.6548806115321418,1.1028806099848143,0.0
main,blackbox_linear,2132-01-01,2131-10-01,0.0006182362880666,0.0599889454899613,0.6953755578890474,0.69199325509036,0.5443919897079468,,1.1125240296881442,1.1119767134412384,1.0880922254412329,0.02443180424691138,0.023884488000005533,0.000547316246905849,0.6953755578890474,1.1125240296881442,0.0
main,blackbox_linear,2132-04-01,2132-01-01,0.0008879121357706,0.0633486312738838,0.6782578896131647,0.6755130819679384,0.5672946572303772,,1.1079249913413147,1.107488235137102,1.0902684243075766,0.01765656703373808,0.017219810829525395,0.0004367562042126849,0.6782578896131647,1.1079249913413147,0.0
main,blackbox_linear,2132-07-01,2132-04-01,0.0007370436505749,0.0721441110989258,0.6406923279633279,0.6354967234764858,0.5528731942176819,,1.102914128974865,1.1020795612940542,1.0888077798548585,0.014106349120006412,0.013271781439195607,0.0008345676808108049,0.6406923279633279,1.1029141289748643,0.0
main,blackbox_linear,2132-10-01,2132-07-01,0.0011290958060142,0.077670230724416,0.6172865109263675,0.6123626915607446,0.5213278532028198,,1.0967343777296688,1.0959627707141968,1.0816967884119768,0.015037589317691946,0.014265982302219982,0.0007716070154719645,0.6172865109263674,1.0967343777296683,0.0
main,blackbox_linear,2133-01-01,2132-10-01,0.001608226130006,0.0821816840593114,0.5988385705112297,0.5944555101022263,0.5222765803337097,,1.0909742014783705,1.0903083368524489,1.0793430770602348,0.011631124418135741,0.010965259792214077,0.0006658646259216638,0.5988385705112297,1.09097420147837,0.0
main,blackbox_linear,2133-04-01,2133-01-01,0.000837261434154,0.0688249770035801,0.6541837952648728,0.6501025339783231,0.5728417634963989,,1.104425648978261,1.1037741679088997,1.091441233102912,0.012984415875348931,0.012332934805987739,0.0006514810693611928,0.6541837952648728,1.104425648978261,0.0
main,blackbox_linear,2133-07-01,2133-04-01,0.0008826666514656,0.0631689960757588,0.679109471521832,0.6763763293573254,0.5396608710289001,,1.1080961183836002,1.107661075034386,1.0858996197932744,0.022196498590325797,0.021761455241111616,0.0004350433492141814,0.679109471521832,1.1080961183835998,0.0
main,blackbox_linear,2133-10-01,2133-07-01,0.0007648528338245,0.0585304321825643,0.7017775939363886,0.6993762568486892,0.5556196570396423,,1.1125310699669455,1.1121460120309767,1.0890944296905063,0.023436640276439213,0.023051582340470445,0.0003850579359687689,0.7017775939363886,1.1125310699669453,0.0
main,blackbox_linear,2134-01-01,2133-10-01,0.0005079114471962,0.0591846995402836,0.6998262424317875,0.696046674857968,0.5706982612609863,,1.1140163111327461,1.113400540636706,1.0929786660939516,0.021037645038794572,0.02042187454275446,0.0006157704960401134,0.6998262424317875,1.1140163111327457,0.0
main,blackbox_linear,2134-04-01,2134-01-01,0.0010064366687115,0.0572943706893113,0.7067097310039612,0.7057467837458284,0.5640741586685181,,1.1116146489344891,1.1114625652494283,1.0890874094847451,0.022527239449743997,0.022375155764683186,0.00015208368506081094,0.7067097310039612,1.1116146489344885,0.0
main,blackbox_linear,2134-07-01,2134-04-01,0.0006680128672201,0.0575268021326901,0.7072395048381619,0.7045407510435675,0.565928041934967,,1.1140917859184285,1.113656423303539,1.091295438905742,0.022796347012686402,0.02236098439779699,0.00043536261488941186,0.7072395048381619,1.1140917859184285,0.0
main,blackbox_linear,2134-10-01,2134-07-01,0.0004101937614088,0.0565302228951715,0.7135700105536645,0.7097386717317963,0.5691410303115845,,1.1169527421064405,1.1163247930971922,1.0932811120923902,0.02367163001405026,0.02304368100480203,0.0006279490092482298,0.7135700105536645,1.1169527421064402,0.0
main,blackbox_linear,2135-01-01,2134-10-01,0.0005595787484332,0.0553071691503309,0.7190791492716377,0.7162151847536034,0.5569033026695251,,1.116781482973897,1.1163163630716726,1.090443442317419,0.026338040656477935,0.025872920754253625,0.0004651199022243091,0.7190791492716377,1.116781482973897,0.0
main,blackbox_linear,2135-04-01,2135-01-01,0.0005430162396408,0.0556088582275677,0.717607850194491,0.714607518820426,0.5725405812263489,,1.1166613916691812,1.116173628284942,1.0930778293114336,0.02358356235774761,0.02309579897350833,0.00048776338423928145,0.717607850194491,1.1166613916691808,0.0
main,blackbox_linear,2135-07-01,2135-04-01,0.0004919628340694,0.0575920664433931,0.7077940702130133,0.7042027915993337,0.5612649917602539,,1.1154273200285911,1.1148416529775398,1.0915313034556196,0.02389601657297158,0.023310349521920237,0.0005856670510513418,0.7077940702130133,1.115427320028591,0.0
main,blackbox_linear,2135-10-01,2135-07-01,0.0006368282467043,0.0639372589261746,0.676708621759331,0.6726981640748271,0.5524001121520996,,1.1093775768043208,1.1087293596406806,1.0892853788925418,0.020092197911778964,0.0194439807481388,0.0006482171636401635,0.676708621759331,1.1093775768043204,0.0
main,blackbox_linear,2136-01-01,2135-10-01,0.0011702544305501,0.0741275934235996,0.630923390579629,0.6270306131031851,0.5515149235725403,,1.0986117206857426,1.0980032894705891,1.0862003793319341,0.012411341353808503,0.011802910138654976,0.0006084312151535265,0.630923390579629,1.0986117206857422,0.0
main,blackbox_linear,2136-04-01,2136-01-01,0.0014417197999843,0.0733808516087895,0.6328209788922056,0.6301957770564479,0.5386320948600769,,1.097190419102747,1.0967872332489954,1.082724626375825,0.014465792726922055,0.014062606873170402,0.00040318585375165306,0.6328209788922056,1.097190419102747,0.0
main,blackbox_linear,2136-07-01,2136-04-01,0.0006320575464378,0.0698250883361095,0.6507995303238866,0.6456416674952626,0.5287027359008789,,1.105220893550819,1.1043869732568532,1.085480354090863,0.019740539459955908,0.018906619165990124,0.0008339202939657842,0.6507995303238866,1.1052208935508188,0.0
main,blackbox_linear,2136-10-01,2136-07-01,0.0010804235420406,0.0721897915086276,0.639099262539396,0.6352996003329635,0.5443070530891418,,1.100463697217135,1.0998664064114507,1.0855627633764133,0.014900933840721775,0.014303643035037394,0.0005972908056843806,0.639099262539396,1.100463697217135,0.0
main,blackbox_linear,2137-01-01,2136-10-01,0.0015104320599162,0.0755129485487335,0.6241286320352895,0.6212274906444237,0.5375568270683289,,1.0954265712285511,1.0949829992445563,1.082190116291171,0.013236454937380238,0.012792882953385432,0.000443571983994806,0.6241286320352895,1.0954265712285507,0.0
main,blackbox_linear,2137-04-01,2137-01-01,0.0008528940392424,0.0631029122240042,0.6795518370067696,0.6766943928967712,0.5314557552337646,,1.1083688515057444,1.107913171865753,1.084751812421673,0.023617039084071312,0.023161359444080043,0.0004556796399912688,0.6795518370067696,1.1083688515057442,0.0
main,blackbox_linear,2137-07-01,2137-04-01,0.0006189475450139,0.0575614779220049,0.7073114942416933,0.7043611483724022,0.5318707823753357,,1.1144504439033944,1.1139730468906803,1.0860622902888981,0.028388153614496314,0.027910756601782216,0.00047739701271409807,0.7073114942416933,1.114450443903394,0.0
main,blackbox_linear,2137-10-01,2137-07-01,0.0003723094847441,0.0575919900456442,0.7083943963290291,0.7042031870391187,0.5512147545814514,,1.116372839056348,1.1156843201653543,1.0905518539570682,0.02582098509927988,0.02513246620828613,0.0006885188909937501,0.7083943963290291,1.1163728390563474,0.0
main,blackbox_linear,2138-01-01,2137-10-01,0.0012371304956009,0.0729023035817991,0.6355685736662883,0.6322381461523112,0.5660411715507507,,1.098912707730655,1.098394397642716,1.0880922488696152,0.010820458861039883,0.010302148773100761,0.0005183100879391223,0.6355685736662883,1.0989127077306549,0.0
main,blackbox_linear,2138-04-01,2138-01-01,0.0010040532708715,0.0720532971217158,0.6399698918719795,0.6358889152496302,0.5452495813369751,,1.101089303202559,1.1004446743092642,1.0861273334087849,0.014961969793774177,0.014317340900479314,0.000644628893294863,0.6399698918719795,1.1010893032025586,0.0
main,blackbox_linear,2138-07-01,2138-04-01,0.0010606084369955,0.0697750150952868,0.6492004740856488,0.6458637591461525,0.5281837582588196,,1.1021802046452218,1.1016550260155529,1.0831329098845488,0.019047294760673017,0.018522116131004074,0.0005251786296689431,0.6492004740856488,1.1021802046452214,0.0
main,blackbox_linear,2138-10-01,2138-07-01,0.0006375320905717,0.0631250208246598,0.6804454401054018,0.6765879542565665,0.5453513860702515,,1.1099767758982038,1.1093533109857745,1.088142242767227,0.02183453313097683,0.02121106821854757,0.0006234649124292613,0.6804454401054018,1.109976775898203,0.0
main,blackbox_linear,2139-01-01,2138-10-01,0.0007138830151499,0.0633697156070362,0.678962219306282,0.6754118938670661,0.5632822513580322,,1.109218656880543,1.1086475473770474,1.0906102419083505,0.018608414972192566,0.018037305468696863,0.0005711095034957037,0.678962219306282,1.1092186568805424,0.0
main,blackbox_linear,2139-04-01,2139-01-01,0.0008673856298655,0.0624192746223905,0.6826560013880261,0.6800005720192339,0.5626018643379211,,1.1087649481757342,1.1083418688545328,1.0896371854841482,0.019127762691586003,0.018704683370384556,0.0004230793212014472,0.6826560013880261,1.1087649481757338,0.0
main,blackbox_linear,2139-07-01,2139-04-01,0.0007988145149778,0.0653472778750888,0.669585642278865,0.6660394080891986,0.5434141159057617,,1.1071416406021184,1.106574201091696,1.0869527006378745,0.02018893996424387,0.019621500453821383,0.000567439510422485,0.669585642278865,1.107141640602118,0.0
main,blackbox_linear,2139-10-01,2139-07-01,0.0010525793144152,0.0581251603177761,0.7023569808052096,0.7014533351029638,0.5600907802581787,,1.1106031084819685,1.110460807591728,1.0881998513884297,0.022403257093538853,0.022260956203298266,0.00014230089024058756,0.7023569808052096,1.110603108481968,0.0
main,blackbox_linear,2140-01-01,2139-10-01,0.0004737699588304,0.0632589531108215,0.6805835849357732,0.6759437935393144,0.5436674952507019,,1.1111136416990532,1.1103561386822365,1.0887604059336944,0.02235323576535886,0.021595732748542096,0.0007575030168167629,0.6805835849357732,1.1111136416990526,0.0
main,blackbox_linear,2140-04-01,2140-01-01,0.0009705771859042,0.070524153162818,0.6464344292847879,0.6425546545645738,0.5592402219772339,,1.1023268390273762,1.1017126930826788,1.0885244992832643,0.013802339744111825,0.013188193799414494,0.0006141459446973307,0.6464344292847879,1.102326839027376,0.0
main,blackbox_linear,2140-07-01,2140-04-01,0.0008291702724065,0.0668580004181091,0.6627468623491555,0.6590333315294596,0.5248527526855469,,1.105846172910752,1.1052530912266565,1.083823339451996,0.022022833458755997,0.021429751774660444,0.0005930816840955533,0.6627468623491555,1.1058461729107516,0.0
main,blackbox_linear,2140-10-01,2140-07-01,0.0007563007229284,0.0688012825190117,0.6546319762143324,0.6502088659663574,0.5496885776519775,,1.1050271856353784,1.1043175551284992,1.0881903823588954,0.01683680327648296,0.016127172769603737,0.0007096305068792219,0.6546319762143324,1.1050271856353775,0.0
main,blackbox_linear,2141-01-01,2140-10-01,0.0017766358453274,0.0834735310492378,0.5936473708296254,0.5894746913367797,0.5448739528656006,,1.0891858063143742,1.088558929479157,1.0818583981229584,0.007327408191415863,0.006700531356198525,0.0006268768352173382,0.5936473708296254,1.0891858063143742,0.0
main,blackbox_linear,2141-04-01,2141-01-01,0.0013821755936983,0.0755807665592005,0.6243641437658308,0.6209456575932746,0.510683536529541,,1.0962633673417248,1.095736311146286,1.0787362909340161,0.017527076407708675,0.017000020212269762,0.000527056195438913,0.6243641437658308,1.0962633673417244,0.0
main,blackbox_linear,2141-07-01,2141-04-01,0.001018734000868,0.071085959282421,0.6438955316228918,0.6400919599635728,0.5401471257209778,,1.1016148666019336,1.1010146148409086,1.0852420546966934,0.016372811905240203,0.01577256014421513,0.0006002517610250724,0.6438955316228918,1.1016148666019334,0.0
main,blackbox_linear,2141-10-01,2141-07-01,0.0009779588559019,0.0694451535082893,0.6509437144340515,0.6473300918018668,0.5100589394569397,,1.102992582322676,1.1024208334630188,1.0807017352600274,0.02229084706264861,0.021719098202991338,0.0005717488596572728,0.6509437144340515,1.1029925823226756,0.0
main,blackbox_linear,2142-01-01,2141-10-01,0.0016665784248625,0.0700642866587666,0.6454491663783816,0.6445825361548658,0.5254718661308289,,1.097678543401251,1.0975473925960288,1.0795218727603204,0.018156670640930628,0.018025519835708437,0.00013115080522219102,0.6454491663783816,1.097678543401251,0.0
main,blackbox_linear,2142-04-01,2142-01-01,0.0011404529077882,0.0733449498711211,0.6341740943361522,0.6303486199713841,0.5309830904006958,,1.0993087909491774,1.098709738989526,1.0831495470929786,0.016159243856198824,0.015560191896547337,0.0005990519596514865,0.6341740943361522,1.0993087909491772,0.0
main,blackbox_linear,2142-07-01,2142-04-01,0.0008300033738762,0.0682142169830037,0.6568393724605954,0.652852982510359,0.5110981464385986,,1.10489722562101,1.1042605992804528,1.0816223567424255,0.02327486887858443,0.022638242538027376,0.000636626340557056,0.6568393724605954,1.10489722562101,0.0
main,blackbox_linear,2142-10-01,2142-07-01,0.0005603701539304,0.0566989357458408,0.7119499736737638,0.7088537490368015,0.5130844116210938,,1.1156180404138092,1.1151152249935634,1.0833230092451498,0.032295031168659394,0.03179221574841362,0.0005028154202457724,0.7119499736737638,1.1156180404138087,0.0
main,blackbox_linear,2143-01-01,2142-10-01,0.0005022800230185,0.0551916835086497,0.7199736890258247,0.7168323686253303,0.5390692949295044,,1.1173392957453725,1.1168273321429198,1.0878560041694991,0.02948329157587337,0.028971327973420724,0.0005119636024526475,0.7199736890258247,1.1173392957453725,0.0
main,blackbox_linear,2143-04-01,2143-01-01,0.0005605288003909,0.0570485613690169,0.7101814157353605,0.7070263693093803,0.5551109910011292,,1.11532970647332,1.1148173436176383,1.0901470895094931,0.025182616963826954,0.024670254108145162,0.0005123628556817916,0.7101814157353605,1.11532970647332,0.0
main,blackbox_linear,2143-07-01,2143-04-01,0.0004646762959443,0.0544431001934502,0.7240721823041971,0.7208569975220348,0.5547598004341125,,1.1182795348304109,1.1177543239885606,1.0906218091808857,0.027657725649525178,0.027132514807674868,0.0005252108418503099,0.7240721823041971,1.1182795348304104,0.0
main,blackbox_linear,2143-10-01,2143-07-01,0.0005655865773494,0.0550429083000981,0.7204169911663169,0.7176289203263988,0.5604599714279175,,1.11695547271296,1.1165028457662909,1.0909873888300776,0.02596808388288241,0.025515456936213265,0.0004526269466691435,0.7204169911663169,1.1169554727129596,0.0
main,blackbox_linear,2144-01-01,2143-10-01,0.0002794712640552,0.0537315089792506,0.7288046397848049,0.7247218029097151,0.5684307813644409,,1.1204023799445477,1.1197278737053566,1.093907770579268,0.02649460936527981,0.025820103126088734,0.000674506239191075,0.7288046397848049,1.1204023799445475,0.0
main,blackbox_linear,2144-04-01,2144-01-01,0.000671253913115,0.0552875887061758,0.7186032655137565,0.7163197595982286,0.5597019791603088,,1.1159016960667778,1.115533395195783,1.0902729110620362,0.02562878500474164,0.02526048413374693,0.0003683008709947089,0.7186032655137565,1.1159016960667778,0.0
main,blackbox_linear,2144-07-01,2144-04-01,0.000312006170164,0.053048808549208,0.7322744697172641,0.7284660756910128,0.5611609220504761,,1.1207373693844467,1.120109441612383,1.0925241782031332,0.02821319118131349,0.027585263409249716,0.0006279277720637744,0.7322744697172641,1.120737369384447,0.0
main,blackbox_linear,2144-10-01,2144-07-01,0.0003468208108597,0.052731260564931,0.733793716521913,0.7302199751175149,0.5523959398269653,,1.1207323950580026,1.1201444009809804,1.0908866938132662,0.0298457012447364,0.029257707167714253,0.000587994077022147,0.733793716521913,1.1207323950580026,0.0
main,blackbox_linear,2145-01-01,2144-10-01,0.0007503077237441,0.0578957568124938,0.7049895913059027,0.7026340754259891,0.5629708766937256,,1.1131486599842315,1.1127706069339869,1.090355093314283,0.022793566669948584,0.022415513619703953,0.0003780530502446311,0.7049895913059027,1.1131486599842315,0.0
main,blackbox_linear,2145-04-01,2145-01-01,0.0006424003727538,0.0571285230049828,0.7093661364831125,0.7066096551628808,0.5614396929740906,,1.114616540224206,1.1141711590086834,1.090715177739194,0.02390136248501218,0.023455981269489445,0.00044538121552273324,0.7093661364831125,1.114616540224206,0.0
main,blackbox_linear,2145-07-01,2145-04-01,0.0004198486420044,0.0535670456242622,0.7289326022489981,0.7256205191847164,0.5694118738174438,,1.119400263546162,1.1188577393271293,1.0932705267816962,0.026129736764465727,0.025587212545433058,0.0005425242190326696,0.7289326022489981,1.1194002635461613,0.0
main,blackbox_linear,2145-10-01,2145-07-01,0.0005694783932549,0.0548773605538161,0.7212569650282393,0.7185171953769571,0.5565159320831299,,1.1170637675490624,1.1166190886438356,1.0903254386017314,0.02673832894733108,0.026293650042104266,0.0004446789052268141,0.7212569650282393,1.117063767549062,0.0
main,blackbox_linear,2146-01-01,2145-10-01,0.0008341699826174,0.0560264932775938,0.7139763271507736,0.7123929602641579,0.550110936164856,,1.113992246757244,1.1137394490915753,1.087829776975113,0.026162469782130993,0.025909672116462223,0.00025279766566876916,0.7139763271507736,1.1139922467572438,0.0
main,blackbox_linear,2146-04-01,2146-01-01,0.0005255470600981,0.054407429534811,0.7239400767536193,0.7210498224666605,0.5604687333106995,,1.1178172871043575,1.1173469140305825,1.091213220245514,0.026604066858843423,0.026133693785068468,0.0004703730737749545,0.7239400767536193,1.117817287104357,0.0
main,blackbox_linear,2146-07-01,2146-04-01,0.00064220265148,0.0528330529720914,0.7316613222480588,0.7296568901999455,0.5380376577377319,,1.1182203537263433,1.11789648165802,1.0869350343959863,0.03128531933035705,0.030961447262033648,0.0003238720683234053,0.7316613222480588,1.118220353726343,0.0
main,blackbox_linear,2146-10-01,2146-07-01,0.0005428929982272,0.0550513331524054,0.7204910521130405,0.7175837657407167,0.5723859667778015,,1.1171310012802156,1.116658360623819,1.093053399082199,0.02407760219801669,0.023604961541620062,0.0004726406563966279,0.7204910521130405,1.1171310012802156,0.0
main,blackbox_linear,2147-01-01,2146-10-01,0.0009649536624495,0.0572897347020407,0.7069401515514134,0.705770880318189,0.538745105266571,,1.111944300576916,1.1117591459353229,1.0853105370602467,0.02663376351666935,0.026448608875076163,0.00018515464159318817,0.7069401515514134,1.1119443005769154,0.0
main,blackbox_linear,2147-04-01,2147-01-01,0.0004149907338506,0.0536722898189007,0.7283995849596291,0.7250451705378215,0.5433007478713989,,1.119348339490229,1.1187987183763906,1.0890198778817877,0.03032846160844138,0.029778840494602887,0.0005496211138384943,0.7283995849596291,1.1193483394902288,0.0
main,blackbox_linear,2147-07-01,2147-04-01,0.0008020827878401,0.0542037762617327,0.7235583228889719,0.7221525395427126,0.5656774044036865,,1.1157542614774703,1.115529365421553,1.0904966028443968,0.0252576586330735,0.025032762577156253,0.00022489605591724526,0.7235583228889717,1.11575426147747,0.0
main,blackbox_linear,2147-10-01,2147-07-01,0.0003898553167291,0.0521788396074672,0.7365468060142699,0.7332899751944392,0.5680103302001953,,1.1208683965269524,1.120333945877328,1.0932113170017768,0.0276570795251756,0.02712262887555128,0.0005344506496243184,0.7365468060142699,1.1208683965269517,0.0
main,blackbox_linear,2148-01-01,2147-10-01,0.0004347919206989,0.0523519300187443,0.7353659096763072,0.7323254610412253,0.5518979430198669,,1.1203441612627731,1.1198465855170971,1.0903192467605838,0.03002491450218936,0.029527338756513366,0.0004975757456759933,0.7353659096763072,1.1203441612627725,0.0
main,blackbox_linear,2148-04-01,2148-01-01,0.000559164463448,0.0531316942673098,0.730508968443096,0.7280095685289381,0.5574231147766113,,1.1186407597968784,1.1182348367151465,1.0905301713135949,0.028110588483283516,0.027704665401551587,0.00040592308173192926,0.730508968443096,1.1186407597968393,0.0
main,blackbox_linear,2148-07-01,2148-04-01,0.0005141657139064,0.0551177819809279,0.7202952917971889,0.717227837228104,0.5499007105827332,,1.1173060975926246,1.1168065370247018,1.089555918463555,0.02775017912906952,0.027250618561146744,0.0004995605679227744,0.7202952917971889,1.117306097592624,0.0
main,blackbox_linear,2148-10-01,2148-07-01,0.0003543922883889,0.0551802013766987,0.7208007446035816,0.7168937836597353,0.5786424875259399,,1.1185400628398767,1.117897539369606,1.0951612735512242,0.023378789288652557,0.02273626581838184,0.0006425234702707172,0.7208007446035816,1.1185400628398767,0.0
main,blackbox_linear,2149-01-01,2148-10-01,0.0006027261932198,0.0553077707849735,0.7188530057658847,0.7162119723755327,0.5778693556785583,,1.11643458961217,1.1160068142026054,1.0935990817847325,0.022835507827437374,0.02240773241787286,0.00042777540956451254,0.7188530057658847,1.116434589612169,0.0
main,blackbox_linear,2149-04-01,2149-01-01,0.0003773473098748,0.0550086853202056,0.7215734363860097,0.7178123787673387,0.5384377837181091,,1.1185014993618758,1.1178838339316857,1.0884257671724327,0.03007573218944315,0.029458066759253,0.0006176654301901507,0.7215734363860093,1.1185014993618754,0.0
main,blackbox_linear,2149-07-01,2149-04-01,0.000551323957862,0.0556046647856689,0.7175866642497253,0.7146298154175792,0.5971599221229553,,1.1165983323955224,1.116117883607731,1.0970305811992427,0.019567751196279737,0.019087302408488327,0.00048044878779140987,0.7175866642497253,1.1165983323955222,0.0
main,blackbox_linear,2149-10-01,2149-07-01,0.000697712498549,0.060648872842492,0.6918184835159584,0.6886991391474592,0.5452398061752319,,1.111398601203918,1.1108963154055411,1.08779608116269,0.02360252004122798,0.023100234242851014,0.0005022857983769669,0.6918184835159584,1.1113986012039174,0.0
main,blackbox_linear,2150-01-01,2149-10-01,0.0004190071563483,0.0562082868724961,0.7151679433454143,0.7114329286103577,0.5539709329605103,,1.1171516096195033,1.116539777123044,1.0907459388841718,0.02640567073533151,0.02579383823887227,0.0006118324964592414,0.7151679433454143,1.1171516096195029,0.0
main,blackbox_linear,2150-04-01,2150-01-01,0.0009377104265271,0.0603233798554572,0.6922279166839401,0.690320309858806,0.5626145601272583,,1.1098031966528252,1.1095006065342987,1.0892435507099065,0.020559645942918703,0.02025705582439219,0.0003025901185265134,0.6922279166839401,1.109803196652825,0.0
main,blackbox_linear,2150-07-01,2150-04-01,0.0008243017316596,0.0640567060759141,0.6753060316062091,0.6721294950363812,0.5495654940605164,,1.1078848539973114,1.1073773800995317,1.0877969251180222,0.02008792887928923,0.01958045498150951,0.00050747389777972,0.6753060316062091,1.107884853997311,0.0
main,blackbox_linear,2150-10-01,2150-07-01,0.0006708862396098,0.0628021484546108,0.6817885784862723,0.6781453772235843,0.5531631708145142,,1.109966455429398,1.109378839353219,1.0892203171012544,0.020746138328143537,0.02015852225196446,0.0005876160761790761,0.6817885784862723,1.1099664554293978,0.0
main,blackbox_linear,2151-01-01,2150-10-01,0.0005308170917911,0.0667714991657192,0.6644415862676282,0.659430982291479,0.5461441874504089,,1.108099216988085,1.1072840326623987,1.0888531967988584,0.01924602018922661,0.01843083586354033,0.0008151843256862801,0.6644415862676277,1.1080992169880843,0.0
main,blackbox_linear,2151-04-01,2151-01-01,0.0007366345432166,0.0674923559348239,0.6603755217285281,0.6561298993529097,0.5582436323165894,,1.1060785334423935,1.1053965436042823,1.089672714798236,0.016405818644157577,0.01572382880604639,0.0006819898381111855,0.6603755217285281,1.106078533442393,0.0
main,blackbox_linear,2151-07-01,2151-04-01,0.0004547825637086,0.0582156443292901,0.7048685263582508,0.7009886134996833,0.5726587772369385,,1.1152122932732391,1.1145781130801669,1.0936023223073852,0.02160997096585393,0.020975790772781666,0.0006341801930722646,0.7048685263582508,1.1152122932732385,0.0
main,blackbox_linear,2151-10-01,2151-07-01,0.0007229095194192,0.0592572696043423,0.6984206881752765,0.695679143215204,0.5630178451538086,,1.1122857259730343,1.1118449653092377,1.090516888387194,0.02176883758584025,0.021328076922043637,0.00044076066379661327,0.6984206881752765,1.112285725973034,0.0
main,blackbox_linear,2152-01-01,2151-10-01,0.0008174516780811,0.0560852652106059,0.7137620269481866,0.7120823286277247,0.5261656641960144,,1.1140773608605017,1.113808902264771,1.0840946815334735,0.02998267932702814,0.02971422073129748,0.00026845859573065844,0.7137620269481866,1.1140773608605017,0.0
main,blackbox_linear,2152-04-01,2152-01-01,0.0004429942730783,0.0554849130492205,0.7187630553605866,0.7152671989250282,0.548189103603363,,1.1175681141283285,1.1169962966909592,1.0896673230707627,0.02790079105756571,0.027328973620196484,0.0005718174373692264,0.7187630553605866,1.1175681141283285,0.0
main,blackbox_linear,2152-07-01,2152-04-01,0.0005259980935725,0.0543581280602073,0.7241961884729387,0.7213164890343894,0.5547205209732056,,1.1178557015183612,1.1173870591768322,1.090275228158524,0.027580473359837265,0.027111831018308274,0.00046864234152899087,0.7241961884729387,1.1178557015183612,0.0
main,blackbox_linear,2152-10-01,2152-07-01,0.0006269895347802,0.0539016279317924,0.726065506533275,0.7237943545166711,0.5566666722297668,,1.1174266503559778,1.117059336702651,1.090029759156111,0.02739689119986677,0.027029577546539896,0.0003673136533268728,0.726065506533275,1.117426650355977,0.0
main,blackbox_linear,2153-01-01,2152-10-01,0.0005702814697096,0.0522744072609153,0.7350525745655434,0.7327571490982402,0.5490951538085938,,1.1192969639016406,1.118924422809224,1.0891165979266,0.03018036597504059,0.029807824882624123,0.0003725410924164674,0.7350525745655434,1.11929696390164,0.0
main,blackbox_linear,2153-04-01,2153-01-01,0.0005829642132101,0.0523975850119183,0.7343192503387527,0.7320714518459195,0.5230706334114075,,1.1190848156167228,1.1187202893307246,1.0848265518105165,0.034258263806206335,0.03389373752020819,0.00036452628599814574,0.7343192503387527,1.1190848156167224,0.0
main,blackbox_linear,2153-07-01,2153-04-01,0.0006375080322791,0.0516904684915692,0.7378550303949495,0.7360241728007227,0.642016589641571,,1.1192557600210082,1.118959847809401,1.1037658797322545,0.015489880288753755,0.015193968077146458,0.0002959122116072965,0.7378550303949495,1.1192557600210082,0.0
main,blackbox_linear,2153-10-01,2153-07-01,0.0003283306301105,0.052330230376522,0.7360596093727033,0.7324462438829216,0.567550539970398,,1.1212413052211718,1.120646123604569,1.0934850484509464,0.027756256770225418,0.02716107515362265,0.000595181616602769,0.7360596093727033,1.1212413052211716,0.0
main,blackbox_linear,2154-01-01,2153-10-01,0.0004422949927539,0.0517008503026779,0.7388626811114166,0.7359658546191076,0.6075368523597717,,1.120860977784835,1.120387123452651,1.0993790861193198,0.021481891665515285,0.02100803733333123,0.0004738543321840538,0.7388626811114166,1.1208609777848348,0.0
main,blackbox_linear,2154-04-01,2154-01-01,0.0005629876558475,0.0521451535694231,0.7357910869063993,0.7334779612372938,0.6074811220169067,,1.119470489608166,1.119094907107737,1.0986367847702811,0.020833704837884826,0.02045812233745581,0.000375582500429017,0.7357910869063993,1.1194704896081653,0.0
main,blackbox_linear,2154-07-01,2154-04-01,0.0004513153032513,0.0513126120563795,0.7409387216717235,0.738152763000736,0.6133515238761902,,1.1211337354022306,1.120678267803329,1.1002749067212216,0.020858828681008967,0.020403361082107274,0.0004554675989016932,0.7409387216717235,1.1211337354022304,0.0
main,blackbox_linear,2154-10-01,2154-07-01,0.0004427949479981,0.0512300260624522,0.7414392101793221,0.7386195385568188,0.6554722785949707,,1.121278731944975,1.1208175124758886,1.1072169446688085,0.014061787276166582,0.013600567807080077,0.0004612194690865046,0.7414392101793221,1.1212787319449746,0.0
