split,model,date,feature_date,c_q_realised,pd_q_realised,pd_q_true,pd_a_true,k_irb_true,pd_q_hat,pd_q_hat_std,pd_a_hat,c_q_hat,k_irb_hat,alpha_oracle,alpha_bayes,alpha_hat,utility_oracle,utility_bayes_realised,utility,regret,regret_vs_bayes,regret_irreducible,alpha_oracle_panel,utility_oracle_panel,shortfall_realised_at_hat,shortfall_predicted_at_hat
main,mlp,2117-07-01,2117-04-01,0.0006853465095407,0.0015229922434237776,0.0015389933611679,0.0061417770160941,0.0609723508810497,0.001863336726091802,0.0001474095778255233,0.0074325406279811546,0.0008385015267413109,0.06598339381609414,0.6903326466121271,0.6805166720955359,0.6558982935255506,1.1112447139330612,1.1096629036530006,1.1056957372514782,0.005548976681583051,0.003967166401522393,0.0015818102800606582,0.6903326466121271,1.111244713933061,0.0,0.0
main,mlp,2117-10-01,2117-07-01,0.0002876418509487,0.0006392041132193333,0.0014476000575554,0.0057778390843205,0.059387337592573,0.0017519379267469048,0.0001226594492084584,0.0069893574873696185,0.0007883720670361072,0.06436030561692174,0.69991260575337,0.6886284931788802,0.6637082492685047,1.115572076192354,1.1137088031101117,1.1095938831840138,0.005978193008340238,0.004114919926097915,0.0018632730822423227,0.69991260575337,1.1155720761923535,0.0,0.0
main,mlp,2118-01-01,2117-10-01,0.0001947933769312,0.0004328741709582222,0.0020481056233414,0.0081672884209587,0.0684811790901609,0.0016307575162500143,0.00012137434090190709,0.006507091184617786,0.0007338408823125065,0.062481622433107085,0.6584319973250038,0.6441677112225286,0.6729417936827546,1.1093339936282156,1.1069653794475935,0.8913744423622446,0.217959551265971,0.21559093708534893,0.002368614180622064,0.6584319973250038,1.1093339936282152,0.022036893293176207,0.0
main,mlp,2118-04-01,2118-01-01,0.0025807106607583,0.005734912579462889,0.0034630857914768,0.013780551373523,0.0822762973496737,0.0024512995965778827,0.00027884891648806464,0.009769204050091407,0.0011030848184600472,0.07323466696319852,0.5950361730412836,0.584780934885837,0.6227382699261099,1.084609915117891,1.0831516931321397,0.6229959146894983,0.4616140004283926,0.46015577844264133,0.0014582219857512957,0.5950361730412836,1.0846099151178907,0.04655530417374831,0.0
main,mlp,2118-07-01,2118-04-01,0.0014702057425629,0.003267123872362,0.0024033723978642,0.0095788878942234,0.0727129947007706,0.0034429114777594803,0.00021736680748590283,0.013700687177992,0.0015493101649917663,0.08212517328040801,0.6353918308210339,0.6250360444994526,0.5853887822878255,1.0974042603934273,1.095816739656589,1.08973889593084,0.007665364462587254,0.006077843725748933,0.0015875207368383215,0.6353918308210339,1.097404260393427,0.0,0.0
main,mlp,2118-10-01,2118-07-01,0.0019965270641226,0.004436726809161334,0.0037020093900237,0.0147260110734103,0.0839975458108943,0.0023283660411834717,0.00023979714885384427,0.00928098689578849,0.0010477647185325623,0.07187474674917023,0.5910372450312548,0.5779153639413677,0.62875525668497,1.0874940386091572,1.0855515444933377,0.4549113422455875,0.6325826963635697,0.6306402022477502,0.001942494115819482,0.5910372450312548,1.087494038609157,0.06381662720106784,0.0
main,mlp,2119-01-01,2118-10-01,0.0016557734300905,0.003679496511312222,0.004072974244469,0.0161926322557216,0.0864487735452671,0.004245182685554028,0.00036782062767872035,0.016872906980766933,0.0019103322084993125,0.08750818521737262,0.5837556573282717,0.5683142131173953,0.5642259896535593,1.088405279360458,1.0860667920634963,1.085447662239449,0.0029576171210088376,0.0006191298240472154,0.002338487296961622,0.5837556573282717,1.088405279360458,0.0,0.0
main,mlp,2119-04-01,2119-01-01,0.0005358208749962,0.001190713055547111,0.0034740369648564,0.0138239018284423,0.0823579368020503,0.0032176326494663954,0.00026748682638260524,0.012808544782136999,0.001447934692259878,0.0803700513335498,0.6020695828736596,0.5844529106071308,0.5925100171193809,1.0979216754157353,1.095056468282442,1.0963668905178867,0.001554784897848549,-0.0013104222354447526,0.0028652071332933016,0.6020695828736596,1.097921675415735,0.0,0.0
main,mlp,2119-07-01,2119-04-01,0.0009197226010805,0.002043828002401111,0.0033073128891471,0.0131637662314288,0.0810840872641285,0.003245364595204592,0.00021709830373552904,0.012918400647552453,0.0014604140678420663,0.08059311252717173,0.6053129096373309,0.5895990005330574,0.5915985552038994,1.096125369181879,1.0936299568259062,1.0939474916543792,0.002177877527499872,-0.0003175348284729651,0.002495412355972837,0.6053129096373309,1.0961253691818789,0.0,0.0
main,mlp,2119-10-01,2119-07-01,0.0001946743689772,0.0004326097088382222,0.003196948845182,0.0127266030821892,0.0802023339790991,0.0024723244365304708,0.00017070441955020836,0.009852683827269781,0.0011125459964387119,0.07346020399533565,0.6112581113565938,0.5931965857644351,0.6217488039939933,1.1015013998368024,1.0985022246982936,0.931618985769014,0.16988241406778837,0.1668832389292796,0.0029991751385087806,0.611258111356593,1.1015013998368022,0.017162442774117825,0.0
main,mlp,2120-01-01,2119-10-01,0.0011957347484782,0.0026571883299515552,0.0032129463598247,0.0127899798561609,0.0803321535224256,0.003556191083043814,0.00028721909462188944,0.014149065095538038,0.0016002859873697163,0.0829617254110043,0.6070617487060033,0.592665063491875,0.5820343615721671,1.0947275255086115,1.092481028560372,1.0908221856347224,0.00390533987388908,0.0016588429256496617,0.002246496948239418,0.6070617487060033,1.094727525508611,0.0,0.0
main,mlp,2120-04-01,2120-01-01,0.0011271959306569,0.002504879845904222,0.0029934130507221,0.0119199962826147,0.0784870894569644,0.0021916360827162864,0.00020857665319757822,0.008737766803547653,0.000986236237222329,0.07027351890066572,0.6141967082961368,0.6002810768034399,0.6359549087097409,1.0962618466916083,1.0940808770327457,0.7454175667788049,0.3508442799128034,0.3486633102539408,0.002180969658862608,0.6141967082961363,1.0962618466916076,0.03542544000326425,0.0
main,mlp,2120-07-01,2120-04-01,0.0006278622769592,0.0013952495043537778,0.0041597555736484,0.016535488511013,0.0869883325833011,0.0029681499116122724,0.00021613250558999214,0.011819844682028458,0.0013356674602255226,0.0782655227197,0.58542458296136,0.5662275564395318,0.6012047446813188,1.0946756698210485,1.0915711002532094,0.8276769774675989,0.26699869235344953,0.2638941227856104,0.0031045695678391105,0.58542458296136,1.094675669821048,0.026955068183971975,0.0
main,mlp,2120-10-01,2120-07-01,0.0029914427739401,0.006647650608755777,0.0037673125337764,0.0149843079438103,0.0844474023171412,0.005355532001703978,0.0007707045721700917,0.02125065126958925,0.00240998940076679,0.09345253331242877,0.5860330313415116,0.5761381162332107,0.5419343487002533,1.0809227064964062,1.079556361481206,1.0748333146679494,0.006089391828456803,0.004723046813256637,0.0013663450152001655,0.5860330313415116,1.080922706496406,0.0,0.0
main,mlp,2121-01-01,2120-10-01,0.0007312550592712,0.0016250112428248889,0.0042420243184322,0.0168604336650213,0.0874891585487155,0.003800896368920803,0.00027240697673426415,0.015117124031088558,0.0017104033660143613,0.08467553561168042,0.5833610835363635,0.5642990945753188,0.5752394802451913,1.09373880459693,1.0906757822101494,1.092433764878974,0.0013050397179561468,-0.0017579826688245426,0.0030630223867806894,0.5833610835363631,1.0937388045969294,0.0,0.0
main,mlp,2121-04-01,2121-01-01,0.0019235007475053,0.004274446105567333,0.004592371779021,0.0182433348102131,0.0895162819614103,0.004700045101344585,0.0004015362963138321,0.018668052677619063,0.0021150202956050634,0.09010816280783972,0.5726072090149467,0.5565745404045777,0.5543431866393214,1.0851839071688394,1.0827988073428627,1.082466860016654,0.002717047152185348,0.0003319473262086703,0.0023850998259766776,0.5726072090149467,1.0851839071688392,0.0,0.0
main,mlp,2121-07-01,2121-04-01,0.0032731526890017,0.007273672642226,0.0048716675597189,0.0193447332867056,0.0910246286627624,0.004288464784622192,0.0002180901122874215,0.017043828694434993,0.0019298091530799866,0.08776746802173045,0.5633873165678832,0.5509092506532327,0.5632309139807962,1.0762085420816683,1.0745206531580271,1.0761873857425224,2.1156339145900205e-05,-0.001666732584495234,0.0016878889236411343,0.5633873165678832,1.0762085420816676,0.0,0.0
main,mlp,2121-10-01,2121-07-01,0.002120099334318,0.004711331854039999,0.0040280308166777,0.0160150342296182,0.0861646069329481,0.004343819245696068,0.0002890708399937496,0.017262391882947536,0.0019547186605632307,0.08809518569891561,0.583142377026917,0.5694169927456824,0.5619762523467053,1.0856047216870481,1.0835898489085796,1.0824975556092187,0.0031071660778294596,0.0010922932993608914,0.0020148727784685683,0.5831423770269167,1.085604721687048,0.0,0.0
main,mlp,2122-01-01,2121-10-01,0.0023606110019383,0.0052458022265295555,0.0050599276658862,0.0200866109947742,0.091994908456078,0.005157841090112925,0.0003534815778323416,0.020472292567335182,0.0023210284905508163,0.09248619376805846,0.5632041123927634,0.5473013603801784,0.5454853413781297,1.0813232326414717,1.0790269724169772,1.078764750368993,0.0025584822724786793,0.00026222204798420634,0.002296260224494473,0.5632041123927634,1.0813232326414717,0.0,0.0
main,mlp,2122-04-01,2122-01-01,0.0010058855184374,0.002235301152083111,0.0030892839805944,0.0122999917107151,0.0793100912328491,0.004940748959779739,0.00010117133325260203,0.019617011676017482,0.0022233370319008827,0.09138474547289958,0.6115610268388719,0.5968673750736285,0.5495668846917792,1.0965906487035513,1.0942699165222265,1.0867992229209766,0.009791425782574636,0.007470693601249856,0.0023207321813247805,0.6115610268388719,1.0965906487035508,0.0,0.0
main,mlp,2122-07-01,2122-04-01,0.0031064488358353,0.006903219635189556,0.0031664880014589,0.0126059190247425,0.0799532061911667,0.0019582487642765046,0.00022276544000294699,0.0078100166505497,0.0008812119439244271,0.0672949833499964,0.601468825746821,0.5942184186520879,0.649696062453506,1.0823624413901416,1.0813696031850135,0.28714214113148806,0.7952203002586535,0.7942274620535255,0.000992838205128077,0.601468825746821,1.082362441390141,0.08018243215921461,0.0
main,mlp,2122-10-01,2122-07-01,0.0005179774285039,0.0011510609522308887,0.0027304956277452,0.0108773302471587,0.0760773333651353,0.0028443904127925636,0.0002224940507788723,0.01132911029560002,0.0012799756857566538,0.07715023551026565,0.625800584379294,0.6104358202815017,0.6058846502428721,1.101892992401191,1.0993912980427314,1.0986502755097747,0.0032427168914164195,0.0007410225329567144,0.002501694358459705,0.625800584379294,1.101892992401191,0.0,0.0
main,mlp,2123-01-01,2122-10-01,0.001258519801911,0.0027967106709133336,0.0034134667842499,0.0135841155598349,0.0819028919512915,0.002558464277535677,0.00024007713578606498,0.010194649618701868,0.0011513089248910548,0.07436393295429453,0.601100931814812,0.586284354824488,0.6178075202539236,1.0934199822885273,1.0911172669095417,0.8180833073037703,0.275336674984757,0.27303395960577137,0.0023027153789856314,0.601100931814812,1.093419982288527,0.027793312611879784,0.0
main,mlp,2123-04-01,2123-01-01,0.0024435377359142,0.005430083857587111,0.0034432168130032,0.013701895946887,0.0821274675929877,0.002205002959817648,0.0002934006207251175,0.00879088247054749,0.0009922513319179415,0.07043443973096968,0.596050545939554,0.5853795479147408,0.6352255929642624,1.0855717717026894,1.0840397938980555,0.43395228831951504,0.6516194833831743,0.6500875055785404,0.0015319778046338772,0.596050545939554,1.0855717717026891,0.06572436342262145,0.0
main,mlp,2123-07-01,2123-04-01,0.0012052217957855,0.002678270657301111,0.0036686239631069,0.0145939403617229,0.0837642858948816,0.003362481389194727,0.0002399267704412628,0.013382239811029817,0.001513116625137627,0.08151308681061295,0.594638115245629,0.5788396571343578,0.5878592485235786,1.0927324951902773,1.0902687606881385,1.0916753459602142,0.0010571492300630592,-0.001406585272075711,0.00246373450213877,0.594638115245629,1.0927324951902768,0.0,0.0
main,mlp,2123-10-01,2123-07-01,0.0055100509948836,0.012244557766408,0.005884474719607,0.0233309504708721,0.0958917545992952,0.004166399221867323,0.0004662739878228793,0.01656173258742044,0.0018748796498402952,0.08702915588271336,0.5417065097691774,0.5330947827134261,0.566070060750883,1.061158388710336,1.0601861291172816,0.6141534904500585,0.44700489826027745,0.4460326386672231,0.0009722595930543587,0.5417065097691774,1.0611583887103355,0.04497555307419476,0.0
main,mlp,2124-01-01,2123-10-01,0.0018666776853184,0.004148172634040889,0.0075732119727219,0.0299504607660073,0.1027029967578868,0.004971314780414104,0.00033310330473685626,0.01973746613071059,0.002237091651186347,0.09154255155002528,0.532567351971305,0.5093664372853333,0.5489798814131734,1.0795299992126397,1.0760653318426294,0.7738035742520879,0.3057264249605518,0.3022617575905415,0.003464667370010277,0.532567351971305,1.0795299992126397,0.030817736088209813,0.0
main,mlp,2124-04-01,2124-01-01,0.0049173442334325,0.010927431629849998,0.0090191584766828,0.0355914906336302,0.107856228317286,0.006868180353194475,0.0005885341582315732,0.027190983719910244,0.003090681158937514,0.09999924072391117,0.5102728787159614,0.4923876391259877,0.5186141074052377,1.060633969647972,1.0585087281944694,0.8981591887991742,0.16247478084879785,0.16034953939529517,0.00212524145350268,0.5102728787159614,1.060633969647972,0.016346594034064688,0.0
main,mlp,2124-07-01,2124-04-01,0.005484291283734,0.012187313963853334,0.0088731293511631,0.0350229110709097,0.1073536385584472,0.007015954609960318,0.000714915300368825,0.027769855705051416,0.0031571795744821433,0.10057968622447346,0.5101053586965464,0.4940057440464035,0.5166094907280144,1.057722036536165,1.0559002510379134,0.9309525152570222,0.12676952127914287,0.12494773578089124,0.0018217854982516268,0.5101053586965464,1.0577220365361648,0.012750550991434517,0.0
main,mlp,2124-10-01,2124-07-01,0.0032177832151999,0.007150629367110889,0.0082819418088049,0.0327184914219185,0.1052819889846632,0.00752786910161376,0.0005323682251925676,0.029773166697466324,0.003387541095726192,0.10253372550412292,0.5216490238829351,0.5007619944940945,0.5099386317841973,1.0708515012795738,1.0680145796680762,1.0692609704383733,0.0015905308412005326,-0.00124639077029709,0.0028369216114976226,0.5216490238828475,1.0708515012795616,0.0,0.0
main,mlp,2125-01-01,2124-10-01,0.0027356441934684,0.006079209318818666,0.00643294949905,0.025484564102977,0.0982391342909578,0.006882795691490173,0.0005820876743103403,0.02724824749390853,0.003097258061170578,0.10005700915702836,0.5429625040134054,0.5247563962218323,0.5184141326611804,1.0763641784604987,1.0738036066821708,1.0729116081688133,0.0034525702916854417,0.0008919985133575281,0.0025605717783279136,0.5429625040134054,1.0763641784604985,0.0,0.0
main,mlp,2125-04-01,2125-01-01,0.0018439374172095,0.00409763870491,0.0052708533068785,0.0209173068253486,0.0930426497620921,0.005831449851393699,0.0001687727319360541,0.023122556617605317,0.0026241524331271646,0.09565578457521835,0.561524596841442,0.5434371383981542,0.5339421724263632,1.0839819701213682,1.0812767985169534,1.0798567254639981,0.004125244657370075,0.0014200730529552175,0.0027051716044148577,0.561524596841442,1.0839819701213675,0.0,0.0
main,mlp,2125-07-01,2125-04-01,0.0006226786564417,0.0013837303476482222,0.0043191378199685,0.0171649435160459,0.0879495943268192,0.005465058330446482,0.0003446834893027465,0.021681684151009573,0.002459276248700917,0.09397418219681877,0.5821661329753164,0.5625332263061519,0.5400290240764292,1.0941788860847839,1.091002807683832,1.0873622305733257,0.006816655511458158,0.00364057711050636,0.0031760784009517984,0.582166132975316,1.0941788860847836,0.0,0.0
main,mlp,2125-10-01,2125-07-01,0.0021906330440953,0.0048680734313228885,0.0049016737234735,0.0194630069632754,0.0911816457283645,0.004799644369632006,0.0003058695177337985,0.019060799701076547,0.002159839966334403,0.09064390729109266,0.5663403095062765,0.5503234737049393,0.5523326933903749,1.0827387340349783,1.0803987757180358,1.0806923099948318,0.002046424040146544,-0.00029353427679601474,0.0023399583169425586,0.5663403095062765,1.082738734034978,0.0,0.0
main,mlp,2126-01-01,2125-10-01,0.0016036276372286,0.003563616971619111,0.0055799184496322,0.0221335548236611,0.0945114580679802,0.004134218953549862,0.0003740179447729176,0.016434607568353132,0.0018603985290974378,0.08683078499935164,0.5576775602886925,0.5380750954034073,0.5668358696532865,1.0847467586450887,1.0817678950888387,0.9219162346717029,0.16283052397338582,0.15985166041713583,0.0029788635562499888,0.5576775602886925,1.0847467586450883,0.016422225476656394,0.0
main,mlp,2126-04-01,2126-01-01,0.002998010971264,0.006662246602808889,0.005276521993363,0.0209396247212532,0.0930702738564521,0.005394265800714493,0.0006516223384716194,0.021403101586604523,0.0024274196103215217,0.09363808716404859,0.5578231528034231,0.5433357004658735,0.5412556819255694,1.0769906903496778,1.0749911337675055,1.0747040498367773,0.0022866405129005063,0.0002870839307282935,0.0019995565821722128,0.5578231528034231,1.0769906903496775,0.0,0.0
main,mlp,2126-07-01,2126-04-01,0.0051087572824579,0.011352793961017555,0.0071250072018574,0.028196878689211,0.1010030391197178,0.005536876805126667,0.0005196533891829992,0.021964243228358216,0.002491594562307,0.09431126066686814,0.5282290946423162,0.5151540281916999,0.5388021510041977,1.0617565455593083,1.060227907805087,0.8628323560451381,0.19892418951417024,0.19739555175994883,0.001528637754221407,0.5282290946423162,1.0617565455593083,0.020016031119610034,0.0
main,mlp,2126-10-01,2126-07-01,0.0035000019031711,0.007777782007046889,0.0111346646558895,0.0438002806469471,0.1148427420306949,0.006444497033953667,0.00038188989078716013,0.025529867758419367,0.00290002366527915,0.09828690035093902,0.4961726602693025,0.4707337874469182,0.5245884523333232,1.0659909543728026,1.0626075847715706,0.49707064224871345,0.5689203121240891,0.5655369425228571,0.003383369601231978,0.4961726602693025,1.0659909543728023,0.05726996119278027,0.0
main,mlp,2127-01-01,2126-10-01,0.0097685146086448,0.02170781024143289,0.0118011676427271,0.0463756199082492,0.1169567757091002,0.009097897075116634,0.0004287771893547172,0.03589796325693506,0.004094053683802485,0.10812587481938271,0.47635994003389776,0.4644815747600128,0.4915228769029693,1.033495179593752,1.0326599540747867,0.7162530961176934,0.31724208347605853,0.31640685795709333,0.0008352255189651991,0.4763599400338977,1.0334951795937517,0.03183082631669076,0.0
main,mlp,2127-04-01,2127-01-01,0.0052629429704143,0.011695428823142888,0.0108152709106976,0.0425643097041845,0.1138169380904611,0.008078514784574508,0.0006948533428574698,0.031924589365459166,0.0036353316530585286,0.10455359202539946,0.4943645336319372,0.4738166348194172,0.503170523876547,1.057035118179162,1.05466449537478,0.8799236979870728,0.17711142019208914,0.1747407973877071,0.00237062280438205,0.4943645336319372,1.0570351181791615,0.017812737230862963,0.0
main,mlp,2127-07-01,2127-04-01,0.0046713301221822,0.010380733604849332,0.0110082194333233,0.0433111136214678,0.1144376711847289,0.009616780653595924,0.0011324061141590443,0.03791577677505875,0.004327551294118166,0.1098812124712972,0.49429337658704,0.4719472706980133,0.48595102206059454,1.0599512118741607,1.0572409264603329,1.058939395233611,0.001011816640549723,-0.0016984687732781723,0.0027102854138278953,0.49429337658704,1.0599512118741603,0.0,0.0
main,mlp,2127-10-01,2127-07-01,0.0040735099441018,0.009052244320226221,0.0105726153978826,0.0416244951547092,0.1130316202015388,0.00928364135324955,0.00025596007885926196,0.03662064248385255,0.004177638608962297,0.10875841070776433,0.49923833500780207,0.4761987978945766,0.48950357262184235,1.0635355170599996,1.06060339266036,1.0622966234929851,0.001238893567014454,-0.001693230832625181,0.002932124399639635,0.499238335007802,1.0635355170599996,0.0,0.0
main,mlp,2128-01-01,2127-10-01,0.0025015432530237,0.005558985006719333,0.0095980955425616,0.0378431698934941,0.1098186112980705,0.0075546007603406904,0.0006092302712465762,0.029877692452737636,0.0033995703421533107,0.10263358751092147,0.5114562196480988,0.4861480219722198,0.5096009535273845,1.0731303463461035,1.0695116646479783,1.0728650719222919,0.00026527442381163446,-0.003353407274313547,0.0036186816981251813,0.5114562196480988,1.0731303463461033,0.0,0.0
main,mlp,2128-04-01,2128-01-01,0.0040118286693174,0.008915174820705333,0.0100829211833383,0.0397257829327949,0.1114297228678101,0.006528210453689098,0.000806723500420699,0.025858247673001045,0.002937694704160094,0.09863134408164842,0.5034193436844315,0.4811180596106785,0.5233794639135143,1.064378128182163,1.0615262017658689,0.6704397871098169,0.39393834107234604,0.391086414656052,0.0028519264162940594,0.5034193436844315,1.0643781281821627,0.039649087544505135,0.0
main,mlp,2128-07-01,2128-04-01,0.0058372500139254,0.012971666697612001,0.0109922485028899,0.043249315001645,0.1143864124293688,0.007657551765441894,0.0006737075314769305,0.03028017112621384,0.0034458982944488526,0.10301635501387134,0.4915848946897368,0.4721011873403471,0.508309591230219,1.053891222974144,1.0517552728494115,0.7155048393313137,0.33838638364283025,0.3362504335180978,0.002135950124732444,0.4915848946897368,1.0538912229741435,0.034021987031049306,0.0
main,mlp,2128-10-01,2128-07-01,0.0073640659445428,0.01636459098787289,0.011766918612574,0.0462434100450016,0.1168489742408121,0.008790453150868415,0.0005899517291715502,0.03470089125884113,0.003955703917890787,0.10706759319883338,0.4821297627894023,0.4647971520384518,0.4949303390524198,1.0454934464785401,1.0438579527579912,0.7812006701303496,0.2642927763481906,0.26265728262764165,0.0016354937205489417,0.4821297627894023,1.04549344647854,0.026550063028308757,0.0
main,mlp,2129-01-01,2128-10-01,0.0041811165712168,0.009291370158259555,0.0114034760028104,0.0448395831099002,0.1156995432578522,0.009489977546036244,0.0007843466367338277,0.03742296268758394,0.00427048989571631,0.10945552744907842,0.49241517522280775,0.4681835646541929,0.4872931015040375,1.0621372969470046,1.059079538256434,1.0614909484352966,0.0006463485117080836,-0.002411410178862594,0.0030577586905706777,0.4924151752228077,1.0621372969470042,0.0,0.0
main,mlp,2129-04-01,2129-01-01,0.0024905585190353,0.005534574486745111,0.0113386339874467,0.044588962685429,0.1154933976818556,0.01011592522263527,0.00021571998375368164,0.0398538394891923,0.0045521663501858715,0.11153844860365347,0.497057525807224,0.4687951048054843,0.4807816044643687,1.0711261557821157,1.0670819611877678,1.068797162342072,0.0023289934400436696,-0.0017152011543042356,0.004044194594347905,0.4970575258072235,1.0711261557821157,0.0,0.0
main,mlp,2129-07-01,2129-04-01,0.0018186322890038,0.004041405086675111,0.0115352084288267,0.0453485893561099,0.1161173323689828,0.008842481672763825,0.0007063028044983555,0.03490354924091221,0.003979116752743721,0.1072477320624317,0.49717612684154366,0.4669481042426597,0.4943477600466775,1.0744837837334205,1.0699552125161185,1.074060055703666,0.00042372802975454427,-0.004104843187547447,0.004528571217301991,0.4971761268415436,1.0744837837334202,0.0,0.0
main,mlp,2129-10-01,2129-07-01,0.0089029123481706,0.019784249662601335,0.0123965542677801,0.048671766248944,0.1188171997594149,0.008569030091166496,0.0004938321752188075,0.03383806214918472,0.0038560635410249235,0.10629585471675129,0.4741131545136615,0.4590890898366992,0.4974381011242241,1.0374411313807972,1.0362546678243898,0.5473131172887946,0.4901280140920026,0.4889415505355952,0.001186463556407391,0.4741131545136615,1.0374411313807972,0.04919700055705811,0.0
main,mlp,2130-01-01,2129-10-01,0.0025463216250985,0.005658492500218889,0.0126175322364585,0.0495229258336025,0.1195013364668122,0.010262627713382244,0.0008785278102367792,0.04042289409791522,0.00461818247102201,0.11202036212536876,0.4872162776610142,0.4571312301130612,0.47929482398231543,1.069446241207968,1.065158015291546,1.0683171426779894,0.001129098529978556,-0.0031591273864433056,0.004288225916421862,0.4872162776610142,1.0694462412079675,0.0,0.0
main,mlp,2130-04-01,2130-01-01,0.0056549470722025,0.012566549049338887,0.0122861732698859,0.0482463883659748,0.11847419512665,0.010673772916197777,0.0005109654800697549,0.04201636634266026,0.0048031978122889995,0.11335964997740504,0.48232485873335257,0.4600757356438185,0.47520142031118473,1.0537553607897567,1.0512756842454571,1.052961449807327,0.0007939109824297574,-0.0016857655618698342,0.0024796765442995916,0.4823248587333525,1.0537553607897563,0.0,0.0
main,mlp,2130-07-01,2130-04-01,0.0041173843009931,0.009149742891095778,0.0111592692231211,0.043895444270851,0.1149214092204678,0.01065803598612547,0.0005833924941082343,0.04195541139877157,0.004796116193756461,0.11330868052981898,0.4944649727126977,0.4704987038658776,0.47535617392658724,1.0627110922553507,1.0596715424801175,1.0602875967406118,0.0024234955147388604,-0.0006160542604942698,0.00303954977523313,0.4944649727126977,1.0627110922553504,0.0,0.0
main,mlp,2130-10-01,2130-07-01,0.0098273775227214,0.021838616717158664,0.0103485596621644,0.0407561040775723,0.112301631889239,0.007790312636643648,0.0005532063908687593,0.030799004181793488,0.0035056406864896416,0.10350583116629944,0.48702324182200024,0.4784304604550584,0.5066650224161922,1.0339582920288517,1.0333591498238366,0.6320251235969545,0.4019331684318972,0.4013340262268821,0.000599142205015113,0.4870232418220002,1.0339582920288517,0.040330271564054554,0.0
main,mlp,2131-01-01,2130-10-01,0.0050005687015205,0.011112374892267778,0.0107036626535785,0.0421321323289564,0.1134563962202754,0.010296684131026268,0.0007148841578761382,0.04055496174693085,0.004633507858961821,0.11213192269166268,0.4958916190014627,0.4749079035848793,0.4789516888836841,1.0585123908989953,1.0560364318145468,1.0565135754827375,0.001998815416257793,-0.00047714366819073817,0.0024759590844485313,0.4958916190014627,1.058512390898995,0.0,0.0
main,mlp,2131-04-01,2131-01-01,0.0073616485997609,0.016359219110579776,0.0126941245515794,0.0498178096166223,0.1197376786543253,0.01061411052942276,0.0004699760871769267,0.04178525648642539,0.004776349738240242,0.11316629302621328,0.47551269508887456,0.4564579572349623,0.47578891384084593,1.0448805591152355,1.0430821059981887,1.0390977800434502,0.00578277907178526,0.003984325954738521,0.0017984531170467388,0.4755126950888745,1.0448805591152357,0.0005808849568229579,0.0
main,mlp,2131-07-01,2131-04-01,0.0051043269838682,0.011342948853040444,0.0134812490588386,0.0528442992959508,0.1221436018452249,0.01181161180138588,0.0006759657758164594,0.046415934250284674,0.0053152253106236455,0.11698963217986894,0.47517692368725467,0.4496923218501183,0.464385459481465,1.0555751392425754,1.0525945435422408,1.0543130048754135,0.0012621343671619378,-0.0017184613331726606,0.0029805957003345984,0.4751769236872546,1.0555751392425754,0.0,0.0
main,mlp,2131-10-01,2131-07-01,0.0083431094569467,0.018540243237659335,0.0131150498151646,0.0514371658771785,0.121029436705298,0.015748921409249307,0.0018834092739680088,0.06152307769254439,0.007087014634162188,0.1288451202923301,0.470427628651368,0.4528056697351941,0.4316383103619864,1.0397835496393275,1.0382932798622444,1.036503179449198,0.003280370190129611,0.0017901004130465026,0.0014902697770831086,0.470427628651368,1.039783549639327,0.0,0.0
main,mlp,2132-01-01,2131-10-01,0.0047830093935145,0.010628909763365555,0.0127562085539714,0.0500567854025091,0.1199289585712994,0.012764640897512437,0.0009559267973353247,0.05008923997947601,0.005744088403880597,0.11995491827389337,0.48097278829703227,0.4559142067779152,0.4558404848603408,1.0577984547894057,1.0547871674021347,1.0547783082462252,0.003020146543180502,8.859155909535232e-06,0.0030112873872709667,0.4809727882970322,1.0577984547894057,0.0,0.0
main,mlp,2132-04-01,2132-01-01,0.0036422246915269,0.008093832647837555,0.0119785166645715,0.0470600118446976,0.1175136122932981,0.011388269811868667,0.000759308697818902,0.044780814192787455,0.0051247214153409,0.11565122957411683,0.4893425172119294,0.4628569649121697,0.4683267764066605,1.064386588903572,1.060901679442761,1.0616213849490035,0.0027652039545684737,-0.0007197055062424518,0.0034849094608109255,0.4893425172119294,1.0643865889035715,0.0,0.0
main,mlp,2132-07-01,2132-04-01,0.0072351150471577,0.016078033438128223,0.0116523877939828,0.0458011924506449,0.1164878426899346,0.010691594146192075,0.00041124297345031166,0.04208539103806408,0.004811217365786434,0.11341734296332931,0.4832716503928235,0.4658568439255622,0.47502635123759335,1.046224377369776,1.044558671166422,1.0454357239915604,0.0007886533782155425,-0.0008770528251382803,0.0016657062033538228,0.4832716503928235,1.0462243773697757,0.0,0.0
main,mlp,2132-10-01,2132-07-01,0.0036855287559876,0.008190063902194667,0.0103916666097236,0.0409232230167845,0.1124424529354408,0.011070716939866544,0.0007674457064157581,0.04355291543947504,0.004981822622939945,0.11463805052470656,0.5016857072207542,0.4779986472852218,0.4713463619079044,1.065793427808786,1.0626869951449889,1.0618145830921106,0.003978844716675312,0.0008724120528782464,0.003106432663797065,0.5016857072207542,1.065793427808786,0.0,0.0
main,mlp,2133-01-01,2132-10-01,0.0008996604561233,0.0019992454580517777,0.0086174572132765,0.034026819674636,0.1064653676653674,0.009011073037981987,0.00044499613326764347,0.035560015711044723,0.004054982867091894,0.10782848651313079,0.5247552484779837,0.4968856149110863,0.4924767389535303,1.0834378662823132,1.079006499915542,1.0783054736682227,0.005132392614090486,0.0007010262473192697,0.004431366366771217,0.5247552484779834,1.0834378662823128,0.0,0.0
main,mlp,2133-04-01,2133-01-01,0.004264440888896,0.009476535308657778,0.0068222043929065,0.0270108306578016,0.0998169846455156,0.007268638908863067,0.0005840136476534996,0.028759090273832277,0.00327088750898838,0.10155454642170017,0.5339557735300717,0.5192457056224263,0.5132664026562667,1.0669343416180148,1.0650903523601678,1.0643408133024135,0.0025935283156013345,0.0007495390577543226,0.0018439892578470118,0.5339557735300717,1.0669343416180144,0.0,0.0
main,mlp,2133-07-01,2133-04-01,0.0009226224670684,0.0020502721490408887,0.0055016474283678,0.0218256461489514,0.0941463926213645,0.006761139910668135,0.00016841276301930215,0.026771515763946985,0.0030425129598006606,0.09957364280721233,0.5609499773218783,0.5394018039328948,0.520090588229082,1.0890641456702888,1.085642860829869,1.082576746206376,0.006487399463912746,0.0030661146234929326,0.0034212848404198137,0.5609499773218783,1.0890641456702883,0.0,0.0
main,mlp,2133-10-01,2133-07-01,0.0022079634191755,0.004906585375945556,0.0045293453086949,0.0179946626778766,0.0891633927237748,0.005419786460697651,0.0007645193374361054,0.021503537273355078,0.0024389039073139432,0.09375969657618737,0.5728316601749418,0.5579100453632436,0.5408114542124159,1.0835878053992718,1.0814104379074991,1.0789154052319647,0.004672400167307078,0.0024950326755344143,0.0021773674917726638,0.5728316601749418,1.0835878053992718,0.0,0.0
main,mlp,2134-01-01,2133-10-01,0.0014634283636436,0.003252063030319111,0.0046216303691012,0.0183587590788169,0.0896784653240483,0.005236183293163776,0.00040557906609992934,0.020780800982692305,0.0023562824819236996,0.09287310927204684,0.5735855884960394,0.5559620557782152,0.5440602037540078,1.0879683646755116,1.0852655189553857,1.08344018289364,0.004528181781871643,0.0018253360617457304,0.0027028457201259126,0.573585588496031,1.08796836467551,0.0,0.0
main,mlp,2134-04-01,2134-01-01,0.0017197318739144,0.0038216263864764444,0.0067373980442166,0.0266784582321837,0.0994786313752811,0.004609274212270975,0.00016104112243276676,0.01831001564879209,0.002074173395521939,0.08961009868789235,0.5423041598827085,0.5204209648910417,0.556220142815718,1.0817809213692284,1.0784808768899308,0.8272710947626896,0.25450982660653887,0.2512097821272412,0.003300044479297659,0.5423041598827085,1.0817809213692282,0.025660839414521686,0.0
main,mlp,2134-07-01,2134-04-01,0.0016759824592926,0.0037244054650946664,0.0098468080555657,0.0388092840192132,0.1106484521454025,0.005622452218085527,0.00045644875917812204,0.02230084700649737,0.002530103498138487,0.09470799046688794,0.5114450183856977,0.4835468344896721,0.5373625085613536,1.0773510342917272,1.0731317080657532,0.5745207336300739,0.5028303006616532,0.49861097443567926,0.004219326225973985,0.5114450183856977,1.077351034291727,0.05067500664219304,0.0
main,mlp,2134-10-01,2134-07-01,0.0048976865029894,0.010883747784420889,0.0094506833419918,0.0372702092637829,0.1093232015563274,0.009405654482543468,0.0007559807231160028,0.037095140421579575,0.004232544517144561,0.10917131773170656,0.5065320018692944,0.4877114801026529,0.48819240006054393,1.060289026825167,1.058048949322728,1.058106189923786,0.002182836901380991,-5.72406010579396e-05,0.0022400775024389308,0.5065320018692944,1.060289026825167,0.0,0.0
main,mlp,2135-01-01,2134-10-01,0.003069193680153,0.00682043040034,0.0091468268215992,0.0360883746978407,0.1082929783834685,0.007148421742022038,0.00024102007702322994,0.028288545891973715,0.0032167897839099173,0.10109340699461912,0.5139745198070613,0.4909881586868336,0.5148440763808436,1.0705728458480712,1.0674166331226718,1.053774065502459,0.01679878034561222,0.013642567620212764,0.0031562127253994543,0.5139745213028932,1.0705728460534607,0.0016918177474599672,0.0
main,mlp,2135-04-01,2135-01-01,0.0034747576540487,0.0077216836756637776,0.0109784534480483,0.043195933400553,0.1143421197461633,0.006666183192282915,0.0005449281230437437,0.026399287731628585,0.002999782436527312,0.09919226250518713,0.4974706652594655,0.4722342506057019,0.5214184174217046,1.06628917174584,1.0629263583337962,0.5880900588507307,0.4781991128951093,0.4748362994830655,0.003362813412043808,0.4974706652594655,1.0662891717458394,0.048139020890713535,0.0
main,mlp,2135-07-01,2135-04-01,0.0038335878965156,0.008519084214479111,0.0098547033244448,0.0388399409657997,0.1106746767601806,0.008645694330334663,0.0005507091183639427,0.03413686854584164,0.0038905624486505986,0.10656401660704035,0.505795741629176,0.4834649906750332,0.4965645193326427,1.0655835602615142,1.0626880630669968,1.0643866019363568,0.0011969583251574267,-0.00169853886936,0.002895497194517427,0.505795741629176,1.0655835602615138,0.0,0.0
main,mlp,2135-10-01,2135-07-01,0.0049595825511267,0.011021294558059334,0.0069060002973833,0.0273391593413537,0.1001485620458151,0.006823126878589392,0.00029358526287267953,0.027014445588911973,0.0030704070953652264,0.09982064953831157,0.5310444687558882,0.5180974163885178,0.5192329949251964,1.0628778819398488,1.061344896892228,1.0614793541314302,0.001398527808418537,-0.00013445723920213482,0.001532985047620672,0.5310444687558882,1.0628778819398486,0.0,0.0
main,mlp,2136-01-01,2135-10-01,0.0054432915440852,0.012096203431300443,0.0050017825047562,0.019857522958726,0.0916989374995908,0.005730022024363279,0.0002327238358623195,0.02272384064378441,0.0025785099109634758,0.0951994366531327,0.5545012910607593,0.54839889828566,0.5355856625694048,1.062973095010054,1.0622800640537506,1.060824902229687,0.002148192780367042,0.0014551618240636888,0.0006930309563033532,0.5545012910607593,1.0629730950100535,0.0,0.0
main,mlp,2136-04-01,2136-01-01,0.0063017446530012,0.014003877006669333,0.0059193696684446,0.0234680734561112,0.0960460992749361,0.005744254868477583,0.0003766068909603013,0.02277979776157546,0.0025849146908149124,0.09526387718440561,0.538944550480335,0.5325414291633449,0.5353532075726177,1.0565797750881605,1.0559075590621243,1.056202746739322,0.0003770283488384596,-0.0002951876771977169,0.0006722160260361765,0.5389445504803343,1.0565797750881598,0.0,0.0
main,mlp,2136-07-01,2136-04-01,0.0009002527565745,0.0020005616812766667,0.0051645783383573,0.0204988264420037,0.0925196792382857,0.0057519091293215755,0.0004460972222719369,0.022809889866111543,0.002588359108194709,0.09529847735429132,0.5661875056734466,0.5453618267650514,0.5352284461636506,1.0900223823259334,1.086711152017771,1.0850999701149342,0.004922412210999205,0.0016111819028368224,0.003311230308162383,0.5661875056734466,1.0900223823259332,0.0,0.0
main,mlp,2136-10-01,2136-07-01,0.0028823657949439,0.006405257322097556,0.0052267171306554,0.0207435274903264,0.0928266408424879,0.0064020085148513315,0.000597848392305989,0.025363167664966157,0.0028809038316830993,0.09811083912017239,0.5589433458021831,0.5442311261199008,0.5252078208165651,1.0777916902822495,1.0757440973634247,1.073096503317596,0.0046951869646534306,0.002647594045828594,0.0020475929188248365,0.5589433458021831,1.077791690282249,0.0,0.0
main,mlp,2137-01-01,2136-10-01,0.0027813314921721,0.006180736649271334,0.0067813362608426,0.0268506711999773,0.0996542881140498,0.004407862899824977,0.0005495611969388807,0.017515218255717224,0.0019835383049212397,0.08846906792716763,0.5386897166680997,0.5198103852449347,0.5605489815183287,1.0755171256654583,1.0728704947767502,0.6727957531639026,0.4027213725015557,0.4000747416128476,0.0026466308887080903,0.5386897166680997,1.075517125665458,0.04057857503791573,0.0
main,mlp,2137-04-01,2137-01-01,0.0065327260376287,0.01451716897250822,0.0074892690892127,0.0296222185689083,0.1023891724625884,0.005290471110492944,0.0004563139350682149,0.02099454145293056,0.002380711999721825,0.09313813499619956,0.5205028663369137,0.5104279930737474,0.5430866054018614,1.0534414552688063,1.052407040429515,0.6218772216451645,0.4315642336236418,0.4305298187843505,0.0010344148392913421,0.5205028663369137,1.053441455268806,0.0433882967984387,0.0
main,mlp,2137-07-01,2137-04-01,0.0014933120412745,0.0033184712028322223,0.0063923949364218,0.0253254466401862,0.0980708846130589,0.006955795362591744,0.00026272034162307003,0.02753422674615391,0.003130107913166285,0.10034435085990794,0.5471531172491507,0.5253485115994829,0.517420979054661,1.083751020313767,1.0804134573663415,1.0792000146968794,0.004551005616887593,0.0012134426694621059,0.0033375629474254875,0.5471531172491507,1.0837510203137668,0.0,0.0
main,mlp,2137-10-01,2137-07-01,0.0004436580575205,0.00098590679449,0.0063662790901865,0.0252229697500546,0.0979621225415619,0.005344799906015396,0.00046264168254057947,0.021208408228941877,0.0024051599577069285,0.09340090912723908,0.5506432623705723,0.5257317290720714,0.5421233470050316,1.0900650948765553,1.0859904793071375,1.0886715483861578,0.0013935464903975792,-0.002681069079020215,0.004074615569417794,0.5506432623705723,1.0900650948765551,0.0,0.0
main,mlp,2138-01-01,2137-10-01,0.0023189002856181,0.0051531117458179995,0.0059364220029051,0.0235350769568183,0.0961212560384856,0.0059547689743340015,0.00027275289642003756,0.023607163605877446,0.0026796460384503006,0.096201924735811,0.5505390546184962,0.5322722344610673,0.531983488163808,1.0797241094659198,1.0770788730242755,1.077037059385048,0.002687050080871778,4.1813639227505917e-05,0.002645236441644272,0.5505390546184962,1.0797241094659198,0.0,0.0
main,mlp,2138-04-01,2138-01-01,0.0021799319177208,0.004844293150490666,0.0060728522724225,0.0240710263771193,0.0967164249312556,0.004483066592365503,0.00019670461359744991,0.017812039049754036,0.0020173799665644766,0.0889011290134105,0.5491597992440119,0.5301464566380617,0.558905072378923,1.0802875365299822,1.0775077728962754,0.9042545516355778,0.17603298489440444,0.17325322126069764,0.0027797636337068,0.5491597992440119,1.0802875365299822,0.017745775046153267,0.0
main,mlp,2138-07-01,2138-04-01,0.0039645560074194,0.008810124460932,0.0063950675727393,0.0253359334363236,0.0980819966407799,0.004928478412330151,9.853014520990423e-05,0.019568652511536944,0.002217815285548568,0.09132113310949064,0.5398211079348152,0.525309376028949,0.5498037218884392,1.0692884359691013,1.06742579074797,0.8856453374938469,0.1836430984752544,0.18178045325412318,0.0018626452211312206,0.539821107934815,1.069288435969101,0.01849244112982673,0.0
main,mlp,2138-10-01,2138-07-01,0.0015861916894012,0.0035248704208915554,0.0050111241775555,0.0198943312311878,0.0917467063516345,0.007554129976779222,0.000662385078349118,0.029875851674553422,0.00339935848955065,0.10263183051467982,0.5664666510654526,0.5482215845349498,0.5096068919880913,1.0861811504365666,1.0834053809884745,1.0775306156846685,0.008650534751898142,0.00587476530380604,0.0027757694480921025,0.5664666510654526,1.0861811504365662,0.0,0.0
main,mlp,2139-01-01,2138-10-01,0.001708234942032,0.00379607764896,0.0062439801697311,0.0247429691721775,0.0974483386599666,0.0056875888258218765,0.0006365592464992808,0.02255699820060153,0.0025594149716198443,0.09500651528975403,0.5483761653447057,0.5275468836051558,0.536282318785477,1.082759642507717,1.079616136244322,1.080934467598527,0.001825174909189986,-0.0013183313542051156,0.0031435062633951016,0.5483761653447057,1.082759642507717,0.0,0.0
main,mlp,2139-04-01,2139-01-01,0.0019949044343119,0.004433120965137555,0.0071737192261208,0.0283875774737675,0.1011908366961941,0.004916325956583023,0.0007624769484815444,0.019520756992186583,0.0022123466804623605,0.09125798376747951,0.5365217211048031,0.5145101883278147,0.5500389585749418,1.0794325535402407,1.0761737250771344,0.8294918990013154,0.24994065453892533,0.246681826075819,0.0032588284631063225,0.5365217211048031,1.0794325535402405,0.025194189446422044,0.0
main,mlp,2139-07-01,2139-04-01,0.0042059053756182,0.009346456390262667,0.0065124288439912,0.0257963480140023,0.0985666532120159,0.004524912126362324,0.000140415358072661,0.01797716969494445,0.0020362104568630458,0.08913838647415567,0.5377137364821792,0.5236062525923814,0.5580048262619738,1.0677201767808646,1.065943466910664,0.6929171314092986,0.37480304537156606,0.37302633550136544,0.0017767098702006212,0.5377137364821792,1.0677201767808646,0.03773585244187516,0.0
main,mlp,2139-10-01,2139-07-01,0.0019554615995131,0.004345470221140222,0.0052657962613273,0.0208973966676879,0.0930179834949665,0.005893690139055252,0.00013990469987767407,0.023367164731991852,0.002652160562574863,0.09593258759963415,0.5612508563077535,0.5435277342247974,0.5329483211583412,1.083315098887666,1.080684183224296,1.0791137181891002,0.004201380698565904,0.001570465035195756,0.002630915663370148,0.5612508563077535,1.0833150988876656,0.0,0.0
main,mlp,2140-01-01,2139-10-01,0.0035360028150748,0.007857784033499555,0.0055082872882563,0.0218517693721562,0.0941775363480179,0.0050896074622869495,0.00019652742610498604,0.020203531920290674,0.0022903233580291275,0.09214475663167083,0.5527502236112803,0.5392884682452402,0.5467466857650527,1.073316774099468,1.0715312072466745,1.0725204650085485,0.0007963090909195447,-0.000989257761873974,0.0017855668527935187,0.5527502236112803,1.0733167740994676,0.0,0.0
main,mlp,2140-04-01,2140-01-01,0.0015891555305416,0.003531456734536889,0.0056309779436526,0.0223343774798334,0.0947472312802585,0.005348492041230201,0.00026977163915538127,0.02122294114761336,0.0024068214185535906,0.09341867973429857,0.5569901465696613,0.5372203636264896,0.5420582791034083,1.0847229049049196,1.081715753969484,1.0824516417682422,0.0022712631366774705,-0.0007358877987582169,0.0030071509354356873,0.5569901465696613,1.0847229049049192,0.0,0.0
main,mlp,2140-07-01,2140-04-01,0.0018387206706687,0.004086045934819333,0.0072150075960296,0.0285491920139906,0.1013494012141043,0.0036427951883524655,0.0002060785700424863,0.014491754195551154,0.0016392578347586095,0.0835822644623225,0.536514871133533,0.513967430164332,0.5795622369122219,1.0802694885136896,1.0768961028886712,0.28435823981106734,0.7959112487026223,0.7925378630776039,0.0033733856250184324,0.536514871133533,1.0802694885136894,0.08023516853406909,0.0
main,mlp,2140-10-01,2140-07-01,0.0034930202680673,0.007762267262371778,0.006900621980842,0.027318088544886,0.1001273600796631,0.004946160223335027,0.0005331894737081116,0.01963833731046505,0.0022257721005007622,0.0914127504380534,0.5352734965078076,0.5181707391760487,0.5494626549035245,1.0712287356907015,1.0689528752389623,0.808034666527534,0.26319406916316757,0.26091820871142835,0.00227586045173922,0.5352734965078076,1.071228735690701,0.026508221759501738,0.0
main,mlp,2141-01-01,2140-10-01,0.0025739844311275,0.005719965402505555,0.0060655873623076,0.02404249263992,0.0966850005824788,0.006360883824527264,0.00021024773389759606,0.02520179806974221,0.0028623977210372686,0.09793961245263333,0.5480683757274853,0.5302584278914061,0.525811086846228,1.0779682924590588,1.07543464650709,1.0748019670776021,0.0031663253814566694,0.0006326794294879701,0.0025336459519686994,0.5480683757274853,1.0779682924590586,0.0,0.0
main,mlp,2141-04-01,2141-01-01,0.0022220105024104,0.0049378011164675556,0.0076845369500168,0.0303856468165268,0.1031162155894447,0.008349073771387338,0.0005854288376708004,0.03298037598607695,0.003757083197124302,0.10552049130718527,0.5303964151868752,0.5079734474552573,0.4999770941880729,1.0773211337015345,1.0740523158205708,1.0728866082810908,0.004434525420443647,0.0011657075394799765,0.0032688178809636703,0.5303964151868752,1.0773211337015338,0.0,0.0
main,mlp,2141-07-01,2141-04-01,0.0041878228627809,0.009306273028401998,0.008284521452592,0.0327285557016905,0.1052911704618184,0.006924684625118971,0.0007481873180782543,0.027412356847541397,0.003116108081303537,0.1002221341494292,0.5189979352711726,0.5007317441497635,0.5178430899468921,1.06545693893491,1.063153174554455,1.0653112877969508,0.0001456511379591685,-0.0021581132424959293,0.002303764380455098,0.51899793527117,1.0654569389349091,0.0,0.0
main,mlp,2141-10-01,2141-07-01,0.0020315154169806,0.004514478704401333,0.0066974204171296,0.0265217486780104,0.099318130485413,0.006994919758290053,0.0003743444443601346,0.027687472239558475,0.0031477138912305237,0.10049754830482545,0.5418596133577823,0.5209796968333136,0.5168925263085864,1.0800244534603527,1.0769408062074888,1.0763371930586632,0.0036872604016895405,0.0006036131488256213,0.003083647252863919,0.5418596133577821,1.0800244534603525,0.0,0.0
main,mlp,2142-01-01,2141-10-01,0.0042854483355801,0.009523218523511333,0.0069739825158336,0.0276054658635546,0.1004156342050821,0.007094109430909157,0.00033701421422888594,0.02807590494281742,0.0031923492439091205,0.10088350678197484,0.5321949043411823,0.5171749967922495,0.51556440703383,1.0666018062591873,1.0647221321690277,1.0645205740816088,0.002081232177578496,0.00020155808741884051,0.0018796740901596554,0.5321949043411823,1.066601806259187,0.0,0.0
main,mlp,2142-04-01,2142-01-01,0.0051171639936998,0.01137147554155511,0.0052093542426371,0.0206751574770879,0.0927412078542596,0.0060132286511361595,0.00011074785636027284,0.0238368295115986,0.002705952893011272,0.09645764162654262,0.552308063429445,0.5445455380271602,0.5310694523028137,1.0645252453000345,1.063618362187338,1.0620439731920943,0.0024812721079401356,0.0015743889952437584,0.0009068831126963772,0.552308063429445,1.0645252453000342,0.0,0.0
main,mlp,2142-07-01,2142-04-01,0.0019826725265087,0.004405938947797111,0.0052679350437516,0.0209058173319335,0.0930284182524953,0.006626195274293423,0.00037728058330874925,0.02624250411772988,0.0029817878734320403,0.09903053771142435,0.5611323034628175,0.5434894065608596,0.521982839549683,1.0831448109636306,1.080530605153857,1.0773439066915051,0.005800904272125429,0.003186698462351867,0.002614205809773562,0.5611323034628175,1.0831448109636306,0.0,0.0
main,mlp,2142-10-01,2142-07-01,0.0017153394142881,0.0038118653650846667,0.0039640725522896,0.0157622558987358,0.0857544336672599,0.007488992530852556,0.0004595415843951725,0.029621137003976727,0.00337004663888365,0.10238813525526907,0.5859268293369226,0.571013456048396,0.5104315067633115,1.0883850734860983,1.0861354417436433,1.0769968603177806,0.011388213168317618,0.009138581425862657,0.0022496317424549606,0.5859268293369226,1.0883850734860976,0.0,0.0
main,mlp,2143-01-01,2142-10-01,0.0007658912465667,0.001701980547926,0.0038707656023916,0.0153933972070249,0.0851433804732207,0.006191946193575859,0.000517711610719419,0.024538691720111916,0.0027863757871091363,0.09722743940849249,0.5913336271479908,0.5734021384752127,0.5283297571739514,1.0948150768725307,1.0919399224776276,1.0847129678420215,0.010102109030509121,0.007226954635606075,0.0028751543949030456,0.5913336271479908,1.0948150768725304,0.0,0.0
main,mlp,2143-04-01,2143-01-01,0.0010050141271411,0.002233364726980222,0.0039832999184041,0.015838252159378,0.0858784675663751,0.0033237576019018887,0.00022548079539029214,0.01322889297303409,0.00149569092085585,0.08121276312155346,0.5879465663321408,0.5705301098062894,0.5890764510133331,1.0928660770921206,1.0901151502443094,1.0738271650171214,0.019038912074999192,0.016287985227187995,0.002750926847811197,0.5879465663321408,1.09286607709212,0.00192173772007731,0.0
main,mlp,2143-07-01,2143-04-01,0.0002384573937314,0.0005299053194031111,0.0039141106995544,0.0155647608489118,0.0854291512014967,0.0034530383069068193,0.00047638505192201716,0.013740776933007792,0.0015538672381080686,0.08220115087158267,0.5921798738129193,0.5722834733339918,0.5850830822599612,1.0980741221072743,1.0947789712648426,1.096898783950553,0.0011753381567212173,-0.002119812685710487,0.0032951508424317044,0.5921798738129193,1.0980741221072738,0.0,0.0
main,mlp,2143-10-01,2143-07-01,0.0006379717220553,0.0014177149379006667,0.003126483570456,0.0124474070334286,0.079622091479677,0.003452962404116988,0.0002672398683666725,0.013740476456109318,0.0015538330818526446,0.08220058229238136,0.61177022441722,0.5955802467620066,0.5850853691920818,1.0988744766663567,1.0962578478995275,1.0945616628189414,0.004312813847415331,0.00169618508058611,0.002616628766829221,0.61177022441722,1.0988744766663563,0.0,0.0
main,mlp,2144-01-01,2143-10-01,0.0020285110144908,0.004507802254423999,0.0036502082692148,0.0145210833186757,0.0836346467741738,0.00240787323564291,9.52677835692902e-05,0.009596761629828365,0.0010835429560393096,0.07276243848244539,0.5921954795495842,0.579354172369528,0.6248177112539669,1.0874760900343503,1.0855792377586524,0.5414257029343001,0.5460503871000502,0.5441535348243522,0.0018968522756979134,0.5921954795495842,1.08747609003435,0.05508691764630902,0.0
main,mlp,2144-04-01,2144-01-01,0.001730579282721,0.0038457317393799997,0.002971744053393,0.0118340935362776,0.0782971672342925,0.0038728946819901466,0.0002981749226603203,0.015401814986716,0.001742802606895566,0.08515749610569538,0.6126409326091573,0.6010726985035393,0.5733468177101786,1.0923214396211356,1.0905781737542002,1.0864000441298776,0.00592139549125803,0.004178129624322624,0.0017432658669354062,0.6126409326091572,1.0923214396211356,0.0,0.0
main,mlp,2144-07-01,2144-04-01,0.0032760939302654,0.007280208733923111,0.002552545476529,0.010171155457528,0.0743028556402309,0.0038962266873568295,0.00015585661383408524,0.015494059612542577,0.0017533020093105733,0.0853116503014862,0.6219719608289848,0.6180727120370404,0.5727431052067276,1.0841149037625983,1.0835875730185505,1.0774572395690392,0.006657664193559176,0.006130333449511305,0.0005273307440478714,0.6219719608289848,1.0841149037625983,0.0,0.0
main,mlp,2144-10-01,2144-07-01,0.000577361596279,0.0012830257695088888,0.0023137445213879,0.009222907120358,0.0717081310026876,0.0033667226321995257,0.0003109453327923689,0.013399034117424269,0.0015150251844897867,0.08154575409121825,0.643146812656686,0.6294985415288858,0.5877270492994813,1.1043353818223511,1.1021212721489286,1.095344834008714,0.008990547813637173,0.006776438140214669,0.002214109673422504,0.6431468126566859,1.104335381822351,0.0,0.0
main,mlp,2145-01-01,2144-10-01,0.0009318227432494,0.0020707172072208886,0.0019447934223574,0.0077565097689482,0.0671128167214404,0.0021981466095894577,0.00012160741051083617,0.008763637808353542,0.000989165974315256,0.07035202034563719,0.6611804547059644,0.650551810048801,0.6355989679828906,1.104917286539732,1.1032307143655429,1.1008579708816026,0.004059315658129448,0.0023727434839402317,0.001686572174189216,0.6611804547059644,1.1049172865397314,0.0,0.0
main,mlp,2145-04-01,2145-01-01,0.0006441569992867,0.001431459998414889,0.0019852734198044,0.0079174770986919,0.0676572217835029,0.0022955460008233786,9.922620917921377e-05,0.009150615172681453,0.0010329957003705204,0.07149925133203476,0.6600599881902766,0.6479997914427528,0.6304322751628925,1.1066382554025478,1.1046898289504403,1.1018516486011418,0.004786606801405968,0.0028381803492985025,0.0019484264521074657,0.6600599881902766,1.1066382554025478,0.0,0.0
main,mlp,2145-07-01,2145-04-01,0.0003796253957089,0.0008436119904642222,0.0016509760881925,0.0065875680134855,0.0628038067050329,0.0024134013801813126,0.00011190783107668653,0.009618714676954632,0.0010860306210815907,0.07282303783499842,0.68313740544737,0.67134313099296,0.6245502787433354,1.112173721036493,1.1102370569892206,1.1025534953618,0.009620225674693117,0.007683561627420676,0.0019366640472724406,0.68313740544737,1.1121737210364928,0.0,0.0
main,mlp,2145-10-01,2145-07-01,0.0006662306636762,0.0014805125859471112,0.001204615468105,0.0048097622718208,0.0547124267592563,0.00202653540764004,0.00015572664324797877,0.008081533829817023,0.000911940933438018,0.06820113795320883,0.7216118323039568,0.7135508925006447,0.6454660647270801,1.11642318852754,1.115122655093333,1.1041380060273136,0.012285182500226366,0.01098464906601948,0.0013005334342068853,0.7216118323039568,1.1164231885275395,0.0,0.0
main,mlp,2146-01-01,2145-10-01,0.0006783949994009,0.0015075444431131109,0.0012981224506611,0.0051823878184019,0.0565977777459372,0.001190968696027994,9.994490348997403e-05,0.004755371100601202,0.0005359359132125973,0.054427336074342796,0.7118644800300785,0.7033143203797366,0.7151215191343062,1.114763979610018,1.1133855566442683,1.069535661007177,0.045228318602841044,0.04384989563709141,0.0013784229657496372,0.7118644800300785,1.1147639796100173,0.004575340558193974,0.0
main,mlp,2146-04-01,2146-01-01,0.0005789147048977,0.0012864771219948889,0.0014239554402664,0.0056836674115069,0.0589630296194765,0.0016441257437691092,8.583582194361601e-05,0.006560301848272165,0.0007398565846960992,0.06269505100128468,0.700564918681277,0.6908280795329953,0.6718820624708424,1.113639233006854,1.112059812023564,1.108986562435888,0.004652670570966189,0.0030732495876761856,0.001579420983290003,0.700564918681277,1.1136392330068536,0.0,0.0
main,mlp,2146-07-01,2146-04-01,0.0002762220983872,0.0006138268853048888,0.0012879053061575,0.0051416775664075,0.0563973421477384,0.0017532371915876866,0.00013758573492363854,0.006994527269689521,0.000788956736214459,0.06437978873238356,0.7149313751460423,0.7043903832662324,0.6636135956351195,1.1181336725780782,1.1163919024912312,1.109654036667654,0.008479635910424221,0.0067378658235772715,0.00174177008684695,0.7149313751460423,1.118133672578078,0.0,0.0
main,mlp,2146-10-01,2146-07-01,0.0003675813261713,0.0008168473914917778,0.0013405962901834,0.0053516116042945,0.0574170988437804,0.001387337758205831,3.7358851368952554e-05,0.00553781347365645,0.0006243019911926239,0.05829374464381422,0.7092969200219068,0.6989452238766912,0.6943222170681953,1.1165546395385717,1.1148536054881473,1.1140939336540556,0.002460705884516079,0.0007596718340916464,0.0017010340504244326,0.7092969200219068,1.1165546395385717,0.0,0.0
main,mlp,2147-01-01,2146-10-01,0.0005509614135348,0.001224358696744,0.0013126218382682,0.0052401585400269,0.056879969626269,0.0014443942811340094,0.00018223022610993014,0.005765071524760912,0.0006499774265103042,0.05933016351605035,0.7110811136502939,0.7018041673305236,0.6889241815619684,1.1155438445381027,1.1140364299509575,1.1119435560934938,0.0036002884446089123,0.0020928738574637062,0.001507414587145206,0.7110811136502939,1.1155438445381027,0.0,0.0
main,mlp,2147-04-01,2147-01-01,0.000526842298732,0.001170760663848889,0.0013475985305199,0.0053795077770582,0.0575500654059762,0.0015761105343699456,9.482215833400024e-05,0.006289553045828011,0.0007092497404664755,0.06159233011542444,0.7078297603567287,0.6982406120003846,0.6773877464582115,1.115186253159358,1.1136257959251208,1.1102323762302102,0.004953876929147727,0.003393419694910582,0.0015604572342371448,0.7078297603567275,1.1151862531593568,0.0,0.0
main,mlp,2147-07-01,2147-04-01,0.0002254620409526,0.0005010267576724444,0.0013220588350171,0.005277757542621,0.0570622346832164,0.0015582116553559898,0.00011777944587806793,0.006218293607649694,0.0007011952449101955,0.061295009402408986,0.7118061032388271,0.70083176926506,0.6788852347399322,1.1179785727761355,1.1161596276259007,1.1125220909303382,0.00545648184579739,0.0036375366955625488,0.0018189451502348408,0.7118061032388271,1.117978572776135,0.0,0.0
main,mlp,2147-10-01,2147-07-01,0.0004330868521338,0.000962415226964,0.0013850789868926,0.0055288159098754,0.0582519645078141,0.0012693581869825722,0.00011461668652291338,0.005067773305209133,0.0005712111841421575,0.05603008702103894,0.7047958725799245,0.6945413453064685,0.7063695052904692,1.115353328334902,1.1136749787623308,1.0932835297099817,0.02206979862492031,0.02039144905234913,0.0016783495725711806,0.7047958725799245,1.1153533283349018,0.0022327353723921584,0.0
main,mlp,2148-01-01,2147-10-01,0.0011841566885862,0.0026314593079693333,0.0022680675591908,0.0090414520965246,0.0711806507778454,0.0014280888019129634,0.00016027384795493029,0.00570013022772764,0.0006426399608608336,0.059037642279539115,0.6428188997016404,0.6318605890744777,0.6904404170444027,1.1003815921535625,1.0986703595364462,0.3669950392288003,0.7333865529247622,0.7316753203076459,0.001711232617116254,0.6428188997016404,1.100381592153562,0.07408230544555255,0.0
main,mlp,2148-04-01,2148-01-01,0.0028455616050761,0.006323470233502444,0.0023756303857881,0.0094687134215408,0.0724061209175717,0.0022294757422059775,0.0001705391807369307,0.008888123898597389,0.00100326408399269,0.0707265377414988,0.6311072039712764,0.6263937102257577,0.6339050852836535,1.0880674659840985,1.087409724403131,1.0441251623224534,0.04394230366164509,0.04328456208067766,0.0006577415809674303,0.6311072039712761,1.0880674659840983,0.004433273228574397,0.0
main,mlp,2148-07-01,2148-04-01,0.0006152564525896,0.0013672365613102222,0.002299259667978,0.0091653676948582,0.071542012577535,0.0034549487289041282,0.0003470641850555827,0.013748339711157742,0.0015547269280068578,0.0822154572133591,0.6436776289871847,0.6302409522806611,0.5850255433681019,1.1041775735236277,1.102002881857382,1.0946848838809715,0.009492689642656149,0.0073179979764104175,0.0021746916662457316,0.6436776289871847,1.1041775735236274,0.0,0.0
main,mlp,2148-10-01,2148-07-01,0.0007195160553174,0.001598924567372,0.0021175798874478,0.0084434526443426,0.0693637988246062,0.0025338809005916118,0.000336642015510566,0.010097065322293153,0.0011402464052662252,0.074109281624616,0.6523867245870788,0.6401026408243582,0.6189143138766607,1.104906942504466,1.10293160238725,1.0995244168742788,0.005382525630187152,0.003407185512971145,0.0019753401172160068,0.6523867245870788,1.1049069425044655,0.0,0.0
main,mlp,2149-01-01,2148-10-01,0.0022385280383609,0.004974506751913111,0.0018846606014551,0.007517357496556,0.0662835630417519,0.0025560341775417326,0.00014448796122165357,0.010185003600644005,0.0011502153798937796,0.07433887409316689,0.6590998005464304,0.6544704093140601,0.6179163011255121,1.0959746326557878,1.095300525149491,1.0899777089347888,0.005996923720998915,0.005322816214702097,0.0006741075062968171,0.6590998005464304,1.095974632655787,0.0,0.0
main,mlp,2149-04-01,2149-01-01,0.0003685599197718,0.0008190220439373332,0.0025467371381915,0.0101480993616178,0.0742427745912212,0.002259720698930323,0.0001837182163837426,0.00900829089941102,0.0010168743145186454,0.07108309782826859,0.6336680310012973,0.6183337444982346,0.6322989321888711,1.10412078282154,1.1016011387230582,1.1038958201705371,0.00022496265100291346,-0.002294681447478908,0.0025196440984818214,0.6336680310012968,1.1041207828215394,0.0,0.0
main,mlp,2149-07-01,2149-04-01,0.0006286700372772,0.0013970445272826666,0.0028228359818754,0.0112436234201016,0.0769507230410037,0.0029475050512701275,0.0002850023495240908,0.011737995842612259,0.0013263772730715574,0.07808295984432093,0.6219702514265091,0.606727280424774,0.6019673114506074,1.1005808616281574,1.0981158704913443,1.0973461202024088,0.003234741425748533,0.0007697502889354446,0.0024649911368130883,0.6219702514265091,1.100580861628157,0.0,0.0
main,mlp,2149-10-01,2149-07-01,0.0007431657347443,0.0016514794105428887,0.0026051885941111,0.0103801030104552,0.0748409759332912,0.0022898640017956495,0.0002703992998384116,0.009128043144206455,0.0010304388008080423,0.07143368944083876,0.6297858142279027,0.6157420248419808,0.6307257938899663,1.1011236644166655,1.0988686764304063,1.0863492143222742,0.014774450094391378,0.012519462108132151,0.002254987986259227,0.6297858142279027,1.101123664416665,0.0014925381070856059,0.0
main,mlp,2150-01-01,2149-10-01,0.0016540610687183,0.0036756912638184445,0.0028685432502119,0.0114248961065646,0.0773719004821766,0.003428163006901741,0.00012030197691320063,0.013642299235101407,0.0015426733531057836,0.08201409145222904,0.616424144381748,0.6049504156524814,0.5858361042927014,1.0933632244657352,1.0916254205192593,1.0887303785935722,0.0046328458721629495,0.002895041925687014,0.0017378039464759354,0.6164241443817478,1.0933632244657348,0.0,0.0
main,mlp,2150-04-01,2150-01-01,0.0009735535674127,0.002163452372028222,0.0027888172037339,0.0111086905061899,0.0766325268483802,0.002771279402077198,0.0001669796561028764,0.01103912274576746,0.0012470757309347392,0.07646687615221848,0.621867031127786,0.6080746259292195,0.6087777438579851,1.09841945256336,1.0962366049428434,1.0963478835251976,0.002071569038162302,-0.00011127858235426835,0.0021828476205165703,0.621867031127782,1.0984194525633593,0.0,0.0
main,mlp,2150-07-01,2150-04-01,0.0005142863800686,0.0011428586223746668,0.003293852654175,0.0131104566533051,0.0809782518843092,0.004455422516912222,0.0003434786662846211,0.017702938709393323,0.0020049401326105,0.0887431654254068,0.6071920479231289,0.5900292605037006,0.5595054176153686,1.0988855580477574,1.0960904756394312,1.09111945000084,0.007766108046917353,0.004971025638591087,0.002795082408326266,0.6071920479231289,1.0988855580477568,0.0,0.0
main,mlp,2150-10-01,2150-07-01,0.0009282334288202,0.002062740952933778,0.0030635571504971,0.0121980312300384,0.0790919517529848,0.003006822755560279,0.0002805927234175401,0.011973153780536316,0.0013530702400021256,0.07860388719176077,0.6126693200357869,0.5977695658716194,0.5997949675739408,1.0972414443293146,1.094876590128698,1.0951980571590194,0.0020433871702951745,-0.00032146703032132073,0.002364854200616495,0.6126693200357868,1.097241444329314,0.0,0.0
main,mlp,2151-01-01,2150-10-01,0.0010137085941457,0.002252685764768222,0.0038191791820028,0.015189422565681,0.0847988322608594,0.0019337091594934463,0.00011578751968082548,0.007712430159652617,0.0008701691217720508,0.06696183353180264,0.5916720633639118,0.5747545476539703,0.6512624412081627,1.093403076089658,1.0907324277610553,0.09565819158350797,0.9977448845061501,0.9950742361775473,0.002670648328602754,0.5916720633639116,1.0934030760896578,0.10071519952024932,0.0
main,mlp,2151-04-01,2151-01-01,0.000912500124511,0.002027778054468889,0.0030053800147942,0.0119674347054785,0.0785913477574516,0.003170421300455928,9.948761318132381e-05,0.012621503144317536,0.0014266895852051676,0.0799855193966727,0.6146136128727128,0.5998471300867643,0.594085748926115,1.0976467369798908,1.0953007120456586,1.0943853726209345,0.003261364358956298,0.0009153394247241042,0.0023460249342321937,0.6146136128727125,1.0976467369798903,0.0,0.0
main,mlp,2151-07-01,2151-04-01,0.0004264303786338,0.0009476230636306666,0.003754671813291,0.0149343134187208,0.0843609744023477,0.0026664399541914464,9.894683305352671e-05,0.010623176186546734,0.0011998979793861509,0.07545294842647103,0.5952827183073884,0.5764790261423361,0.6131071719232585,1.0974690303260215,1.0943901946979893,0.8009592632489189,0.29650976707710264,0.2934309314490704,0.0030788356280322393,0.5952827183073884,1.0974690303260215,0.029942826639952513,0.0
main,mlp,2151-10-01,2151-07-01,0.0056231480451734,0.012495884544829777,0.0031922239411465,0.0127078840173991,0.0801638580759162,0.00398647403344512,0.00032134308797868123,0.015850797441695708,0.001793913315050304,0.08589888296656728,0.5917614715852038,0.5933542467787901,0.5704506031443876,1.0661403036047814,1.0394025524919477,1.0637584193888636,0.0023818842159177844,-0.024355866896915934,0.02673775111283372,0.5917614715852038,1.0661403036047812,0.0,0.0
main,mlp,2152-01-01,2151-10-01,0.0006173109559012,0.001371802124224889,0.0039261654498675,0.0156124149948464,0.0855080338028604,0.003553624264895916,0.0009081847392571001,0.01413890693177211,0.0015991309192031622,0.08294308770939604,0.5905790411945487,0.5719751631603954,0.5821088218810191,1.095571569796134,1.092560962063723,1.0942008605432723,0.001370709252861646,-0.0016398984795491511,0.003010607732410797,0.5905790411945487,1.0955715697961337,0.0,0.0
main,mlp,2152-04-01,2152-01-01,0.0029532674781147,0.006562816618032667,0.0046922011208561,0.0186371167186377,0.0900654988836938,0.005276039056479931,0.00042080854990936967,0.020937723389995444,0.002374217575415969,0.0930679215042779,0.5674764487531383,0.5545036691772052,0.5433443375972156,1.0785769459835406,1.0767806398950073,1.075235437099896,0.003341508883644595,0.001545202795111278,0.001796306088533317,0.5674764487531383,1.0785769459835404,0.0,0.0
main,mlp,2152-07-01,2152-04-01,0.0018747930139368,0.004166206697637334,0.0049590842068027,0.0196892689508321,0.0914795182194014,0.005222895834594965,0.00026256948639749746,0.020728480642861258,0.0023503031255677344,0.09280786070349738,0.5663979435047808,0.5492142621973011,0.5443002224204064,1.084536065432894,1.0819713654299268,1.081237934821848,0.003298130611046002,0.0007334306080788444,0.0025647000029671574,0.5663979435047808,1.0845360654328935,0.0,0.0
main,mlp,2152-10-01,2152-07-01,0.0038449327466761,0.008544294992613555,0.0064430702657716,0.0255242703017307,0.0982810019313186,0.004255049303174019,0.00031066244349640227,0.016911872375691472,0.0019147721864283087,0.08756753001840907,0.5395898851092273,0.5246091870853624,0.5639980466098963,1.0699042325080335,1.067963473004024,0.6207198117915214,0.4491844207165121,0.4472436612125026,0.001940759504009515,0.5395898851092273,1.069904232508033,0.04523465144542238,0.0
main,mlp,2153-01-01,2152-10-01,0.0072655757465168,0.016145723881148443,0.0064968685942225,0.0257353136992236,0.0985027599003624,0.005916208308190107,0.00040815217103358254,0.023455651188329707,0.002662293738685548,0.09603214662103393,0.5291891853551862,0.5238303649201927,0.5325914230803835,1.050455142035315,1.0499442093600602,0.9864880458838512,0.06396709615146379,0.06345616347620897,0.000510932675254816,0.5291891853551862,1.0504551420353148,0.006429147993029627,0.0
main,mlp,2153-04-01,2153-01-01,0.0016676997896669,0.003705999532593111,0.0084869647206876,0.0335181274893502,0.1060076278858834,0.006653734855353833,0.0004081523172660361,0.02635048263782558,0.0029941806849092248,0.09914198948864257,0.5239021722530297,0.4983796477624658,0.5215937864838958,1.0792784495137848,1.075416304486617,1.078929137649187,0.00034931186459785657,-0.003512833162570006,0.0038621450271678626,0.5239021722530289,1.0792784495137846,0.0,0.0
main,mlp,2153-07-01,2153-04-01,0.0116141900348145,0.025809311188476666,0.009974198635296,0.0393038459316716,0.1110707328658938,0.008712648600339889,0.0007432881949221927,0.03439777268237776,0.00392069187015295,0.10679737430633046,0.48570821685575566,0.4822316485346424,0.49580621272128295,1.0251879051114305,1.0250076168849875,0.8178091800059555,0.20737872510547506,0.20719843687903206,0.0001802882264430039,0.4857082168557556,1.0251879051114303,0.020790238798135352,0.0
main,mlp,2153-10-01,2153-07-01,0.0038334701516552,0.008518822559233778,0.008893687109024,0.0351029700370215,0.1074245940440479,0.007713179290294647,0.0011023799864210981,0.030497590338020242,0.003470930680632591,0.10322200034045137,0.5142496858116645,0.493776806597458,0.5076177198795522,1.0666803390057888,1.0640257170116632,1.0658204031636693,0.0008599358421195191,-0.0017946861520061752,0.0026546219941256943,0.5142496858116626,1.0666803390057884,0.0,0.0
main,mlp,2154-01-01,2153-10-01,0.0066033502273732,0.01467411161638489,0.0075349458463432,0.0298008389070082,0.102560181646664,0.009502425417304039,0.0014886612207333687,0.03747134911036165,0.004276091437786817,0.1094974052102967,0.519849045612424,0.5098491404035219,0.4871608160214893,1.0530071865274417,1.0519875312156952,1.0496740822391821,0.003333104288259614,0.0023134489765130883,0.0010196553117465257,0.519849045612424,1.0530071865274415,0.0,0.0
main,mlp,2154-04-01,2154-01-01,0.0018415385812494,0.004092307958332,0.0048068311017039,0.0190891343808563,0.0906821444552995,0.0071224098093807696,0.00041075704925924814,0.028186709578137403,0.0032050844142213464,0.10099300319535413,0.5690752521637873,0.5521895341920384,0.515188465339585,1.0851249020385778,1.0825990584304943,1.077064267821675,0.008060634216902729,0.005534790608819229,0.0025258436080835,0.5690752521637871,1.0851249020385774,0.0,0.0
main,mlp,2154-07-01,2154-04-01,0.0018229445987009,0.004050987997113111,0.0046828622577057,0.0186002841220572,0.0900146125832154,0.00549912042915821,0.0004278226481276704,0.02181570402995614,0.002474604193121195,0.09413453131294611,0.5713059483109759,0.5546951514594068,0.5394449760855788,1.085564808389452,1.083077000142395,1.0807929729278618,0.0047718354615902125,0.0022840272145332463,0.0024878082470569662,0.5713059483109747,1.0855648083894516,0.0,0.0
main,mlp,2154-10-01,2154-07-01,0.0002993568632002,0.0006652374737782222,0.0030317280046281,0.0120718751488592,0.0788193403343651,0.005087616667151451,0.0002793697008681823,0.0201956896868124,0.002289427500218153,0.09213473103187216,0.6160719648425429,0.5988996936952905,0.5467837752742927,1.1016558363845388,1.0988223012040468,1.0902228394879323,0.011432996896606484,0.008599461716114476,0.0028335351804920084,0.616071964842543,1.1016558363845386,0.0,0.0
