DATE,loan_interest_income,total_loans,net_chargeoffs,charge_off_rate
1984-01-01,49811.602,2034636.816,1685.936,
1984-04-01,57935.428,2124681.643,2774.696,
1984-07-01,57521.425,2176827.396,2828.004,
1984-10-01,66719.141,2246258.789,3666.057,
1985-01-01,58933.893,2272604.168,2193.657,1.28
1985-04-01,60108.026,2332064.493,2901.732,1.2
1985-07-01,60972.299,2395051.476,3323.487,1.42
1985-10-01,61986.986,2456697.343,5004.488,1.45
1986-01-01,61506.019,2477905.62,3045.928,1.46
1986-04-01,60765.932,2521561.871,4024.293,1.47
1986-07-01,59762.903,2539006.486,4254.457,1.56
1986-10-01,59161.652,2625486.959,5622.741,1.48
1987-01-01,58282.85,2608484.759,3310.53,1.27
1987-04-01,59676.919,2655633.438,3733.147,1.2
1987-07-01,61440.294,2701979.163,3804.433,1.11
1987-10-01,63732.944,2753379.368,6019.574,1.15
1988-01-01,63255.964,2790305.547,4088.105,1.18
1988-04-01,64775.357,2845783.737,5335.876,1.35
1988-07-01,68039.451,2889291.198,4681.08,1.04
1988-10-01,71321.511,2943436.125,5910.951,0.94
1989-01-01,73178.245,2919799.877,3653.185,0.92
1989-04-01,76550.053,2957904.698,5340.987,0.89
1989-07-01,76782.181,2983769.387,5056.628,0.91
1989-10-01,77511.596,2986997.472,10400.449,1.41
1990-01-01,73780.83,2940703.29,7607.432,1.41
1990-04-01,73715.54,2954580.046,9646.628,1.43
1990-07-01,74147.843,2969114.135,7147.479,1.28
1990-10-01,73391.757,2936384.113,10667.255,1.3
1991-01-01,69294.635,2885083.355,7443.069,1.48
1991-04-01,66972.816,2848143.886,10267.416,1.86
1991-07-01,65094.894,2810634.988,9817.968,1.97
1991-10-01,62379.737,2789990.13,10953.461,1.83
1992-01-01,58378.015,2758437.913,7434.604,1.95
1992-04-01,56210.305,2735621.72,7224.059,1.32
1992-07-01,54181.103,2719596.415,7643.685,1.43
1992-10-01,52627.008,2692153.033,8339.321,1.03
1993-01-01,50815.933,2671451.329,5227.684,0.94
1993-04-01,50715.481,2712262.806,6146.467,0.85
1993-07-01,50936.119,2741161.396,4853.289,0.68
1993-10-01,51037.543,2785737.888,6035.908,0.56
1994-01-01,49718.665,2785678.946,3398.496,0.3
1994-04-01,51463.125,2848453.913,4032.572,0.31
1994-07-01,54286.761,2915132.568,3252.124,0.19
1994-10-01,57130.544,3002617.164,3884.322,0.24
1995-01-01,60171.009,3075642.282,2777.575,0.17
1995-04-01,63172.557,3149699.536,3363.872,0.12
1995-07-01,65263.114,3213784.235,3794.377,0.33
1995-10-01,65882.968,3260690.544,4551.656,0.27
1996-01-01,64989.87,3291982.002,4104.516,0.31
1996-04-01,65027.946,3361165.076,4343.295,0.28
1996-07-01,66891.08,3428942.354,4326.582,0.23
1996-10-01,67884.288,3503905.044,5084.652,0.2
1997-01-01,67892.505,3465452.351,4537.753,0.21
1997-04-01,70279.093,3562814.763,4947.763,0.23
1997-07-01,72200.214,3605683.346,5318.002,0.35
1997-10-01,72705.239,3673208.262,5557.961,0.27
1998-01-01,71896.94,3731769.875,5088.563,0.34
1998-04-01,73714.997,3796769.656,5183.81,0.35
1998-07-01,74515.897,3856474.633,5990.402,0.41
1998-10-01,74181.117,3957865.696,6206.999,0.44
1999-01-01,73023.343,3977602.834,5292.265,0.51
1999-04-01,72745.053,4050142.392,4875.551,0.54
1999-07-01,77468.981,4127430.8,5148.105,0.56
1999-10-01,80594.386,4250450.276,6361.583,0.57
2000-01-01,83497.55,4341138.127,5393.0,0.61
2000-04-01,87999.01,4502734.865,5644.633,0.7
2000-07-01,93154.094,4601208.23,6037.276,0.74
2000-10-01,95053.93,4643324.293,9296.543,0.92
2001-01-01,91777.713,4677837.757,7470.67,1.06
2001-04-01,88309.031,4718502.116,8470.209,1.24
2001-07-01,84862.473,4730039.182,9843.995,1.43
2001-10-01,79978.174,4761222.45,13487.284,1.78
2002-01-01,75964.428,4751871.823,11577.219,1.74
2002-04-01,75501.318,4819598.897,11300.397,1.89
2002-07-01,76140.313,4952515.586,12003.495,2.24
2002-10-01,75503.383,5053157.832,12214.403,1.32
2003-01-01,73063.457,5125927.311,10358.584,1.65
2003-04-01,73149.904,5249760.856,10250.098,1.41
2003-07-01,72616.078,5333557.359,9599.831,1.29
2003-10-01,72870.092,5434561.135,10690.316,0.83
2004-01-01,73521.173,5548429.663,8746.77,0.8
2004-04-01,74139.154,5783099.514,8173.669,0.58
2004-07-01,78500.51,5981420.835,7445.692,0.45
2004-10-01,82625.248,6120701.035,9102.246,0.39
2005-01-01,85236.752,6200649.518,7169.961,0.26
2005-04-01,90595.636,6405068.872,6693.899,0.24
2005-07-01,98260.975,6577102.117,8351.397,0.21
2005-10-01,103913.301,6718248.434,9917.472,0.31
2006-01-01,108675.384,6864093.783,5477.367,0.21
2006-04-01,116053.3,7060307.773,6060.522,0.27
2006-07-01,122801.53,7167968.835,7137.898,0.3
2006-10-01,123327.075,7234258.925,8508.935,0.34
2007-01-01,124636.328,7277676.479,8199.547,0.37
2007-04-01,127538.226,7466582.487,8945.754,0.42
2007-07-01,130441.155,7703913.645,10869.758,0.46
2007-10-01,131138.866,7906495.702,16462.37,0.65
2008-01-01,123215.955,7967877.618,19644.437,0.71
2008-04-01,114723.239,7996011.044,26385.605,0.84
2008-07-01,110333.293,7971996.827,27980.045,1.03
2008-10-01,103957.732,7857929.934,37270.782,1.27
2009-01-01,100897.416,7733871.546,37896.44,1.94
2009-04-01,98016.996,7625256.858,49177.936,2.43
2009-07-01,95143.995,7415067.495,50977.297,2.57
2009-10-01,92983.927,7281810.046,54988.437,2.27
2010-01-01,101594.792,7502765.615,53251.382,2.1
2010-04-01,99679.011,7395858.427,49718.265,1.85
2010-07-01,98703.216,7389228.159,43965.546,1.71
2010-10-01,96975.303,7375320.764,42409.918,1.29
2011-01-01,94655.009,7249318.571,33483.625,1.17
2011-04-01,92874.497,7316264.72,28852.344,0.87
2011-07-01,92464.425,7340178.766,26738.303,0.74
2011-10-01,93249.035,7474108.066,25649.859,0.68
2012-01-01,90603.334,7411189.427,21628.013,0.57
2012-04-01,90823.59,7513295.325,20307.482,0.55
2012-07-01,91387.855,7578032.388,22199.016,0.48
2012-10-01,90214.146,7695498.064,18471.749,0.35
2013-01-01,88398.119,7658073.197,15889.356,0.36
2013-04-01,88218.506,7732179.014,14060.054,0.31
2013-07-01,88813.27,7801868.903,11673.976,0.27
2013-10-01,89077.747,7892928.896,12050.318,0.25
2014-01-01,86795.129,7930659.758,10368.476,0.23
2014-04-01,87693.401,8109003.425,10066.935,0.21
2014-07-01,89098.237,8159937.978,9267.23,0.2
2014-10-01,90281.766,8309429.574,9917.739,0.22
2015-01-01,88649.112,8361945.706,9006.442,0.17
2015-04-01,90219.586,8546907.033,8941.952,0.21
2015-07-01,91811.508,8642252.644,8677.7,0.25
2015-10-01,93881.349,8839363.734,10762.167,0.31
2016-01-01,95874.795,8938752.713,10135.311,0.44
2016-04-01,97264.859,9120759.143,10118.562,0.44
2016-07-01,100021.389,9232796.269,10138.745,0.45
2016-10-01,102112.637,9304961.992,12113.812,0.41
2017-01-01,103199.429,9297124.067,11519.718,0.34
2017-04-01,105830.174,9458205.029,11232.297,0.37
2017-07-01,111154.876,9556934.936,10991.219,0.34
2017-10-01,113857.724,9721052.622,13200.941,0.36
2018-01-01,115604.103,9752080.505,12068.12,0.3
2018-04-01,120488.199,9856360.241,11684.908,0.27
2018-07-01,125892.842,9939045.344,11163.67,0.26
2018-10-01,130783.124,10151941.505,12617.1,0.27
2019-01-01,131618.254,10147384.221,12735.477,0.3
2019-04-01,133372.608,10299826.795,12796.064,0.31
2019-07-01,134221.97,10400294.467,13088.685,0.44
2019-10-01,129831.978,10518171.319,13974.443,0.36
2020-01-01,128181.232,10960886.126,14606.653,0.56
2020-04-01,117424.978,10992023.209,15573.004,0.59
2020-07-01,114444.763,10910908.769,12695.683,0.51
2020-10-01,114734.126,10863625.389,11311.079,0.41
2021-01-01,111165.813,10824980.157,9234.235,0.29
2021-04-01,109554.251,10858157.919,7292.333,0.21
2021-07-01,112536.789,10920880.341,5278.575,0.16
2021-10-01,113255.69,11247007.758,5720.575,0.12
2022-01-01,111516.156,11356843.418,6295.136,0.12
2022-04-01,121237.995,11771709.717,6693.605,0.14
2022-07-01,143573.395,12001381.017,7677.899,0.16
2022-10-01,166567.197,12226746.563,10926.227,0.23
2023-01-01,175738.083,12212103.857,12435.02,0.28
2023-04-01,188064.501,12298498.773,14756.995,0.31
2023-07-01,198789.818,12344383.126,15677.646,0.39
2023-10-01,205058.305,12452061.496,20258.376,0.42
2024-01-01,204431.215,12417272.089,20324.191,0.44
2024-04-01,206896.935,12543013.623,21303.281,0.48
2024-07-01,212753.581,12619864.873,20939.626,0.55
2024-10-01,209321.846,12725078.193,22361.77,0.52
2025-01-01,203218.176,12787025.545,21258.733,0.55
2025-04-01,205754.611,13050766.662,19390.527,0.58
2025-07-01,214587.514,13209726.795,20132.311,0.56
2025-10-01,214254.246,13477526.051,20891.337,0.56
2026-01-01,,,,0.59
