time,model,true_stress_probability,predicted_stress_probability
2087-07-01,prob_diag_linear,0.3711056218424092,0.37110546189780347
2087-10-01,prob_diag_linear,0.1255049044923561,0.1255048589812734
2088-01-01,prob_diag_linear,0.6227316564038766,0.6227319132493837
2088-04-01,prob_diag_linear,0.577191532497923,0.5771917325673647
2088-07-01,prob_diag_linear,0.5980686345615559,0.5980688741373806
2088-10-01,prob_diag_linear,0.408193930286362,0.4081938485549015
2089-01-01,prob_diag_linear,0.3494842576794536,0.3494840754351864
2089-04-01,prob_diag_linear,0.6625743103733209,0.6625746262356575
2089-07-01,prob_diag_linear,0.3316717484294871,0.3316715368813872
2089-10-01,prob_diag_linear,0.1391692238972262,0.13916913758025284
2090-01-01,prob_diag_linear,0.7203814067117954,0.7203817564641318
2090-04-01,prob_diag_linear,0.6870562492905605,0.6870565869698841
2090-07-01,prob_diag_linear,0.6227797774765609,0.6227800516451066
2090-10-01,prob_diag_linear,0.2303018441253741,0.23030159562304642
2091-01-01,prob_diag_linear,0.1752665720156663,0.17526638645636075
2091-04-01,prob_diag_linear,0.3194311647530384,0.31943093876681106
2091-07-01,prob_diag_linear,0.5669841697459996,0.5669843723726713
2091-10-01,prob_diag_linear,0.7053796487209866,0.7053800229231049
2092-01-01,prob_diag_linear,0.7448739048079982,0.7448742803543291
2092-04-01,prob_diag_linear,0.4047335189338678,0.40473344775990655
2092-07-01,prob_diag_linear,0.190619231205563,0.1906190609031121
2092-10-01,prob_diag_linear,0.5145856758927825,0.5145857971969243
2093-01-01,prob_diag_linear,0.391838934239769,0.39183883270047576
2093-04-01,prob_diag_linear,0.6237993609909843,0.6237996478105667
2093-07-01,prob_diag_linear,0.3069026810197787,0.3069024719873371
2093-10-01,prob_diag_linear,0.156701791980404,0.1567016622445988
2094-01-01,prob_diag_linear,0.1186211224922356,0.11862111887924212
2094-04-01,prob_diag_linear,0.1076113957612487,0.10761142005682633
2094-07-01,prob_diag_linear,0.0854928993932088,0.08549303254064464
2094-10-01,prob_diag_linear,0.0765625278427474,0.07656271882217817
2095-01-01,prob_diag_linear,0.0870654698347467,0.08706560002689964
2095-04-01,prob_diag_linear,0.4039225817447958,0.4039224446778361
2095-07-01,prob_diag_linear,0.2411818529383229,0.24118159598819527
2095-10-01,prob_diag_linear,0.3117587477279575,0.3117585141856419
2096-01-01,prob_diag_linear,0.5128719450324972,0.5128720334272916
2096-04-01,prob_diag_linear,0.511644946882905,0.5116450302840696
2096-07-01,prob_diag_linear,0.4569227129616854,0.4569227047650176
2096-10-01,prob_diag_linear,0.0591472899960912,0.059147588344609585
2097-01-01,prob_diag_linear,0.0516874538928286,0.05168780889461744
2097-04-01,prob_diag_linear,0.0214888263620893,0.021489477949627408
2097-07-01,prob_diag_linear,0.1540084804889345,0.15400834131796617
2097-10-01,prob_diag_linear,0.0569839015669128,0.05698421179834407
2098-01-01,prob_diag_linear,0.027169101729854,0.02716968584004527
2098-04-01,prob_diag_linear,0.0163733051273228,0.01637402089421977
2098-07-01,prob_diag_linear,0.0339297758315942,0.033930289501074566
2098-10-01,prob_diag_linear,0.019012795487407,0.019013477934966487
2099-01-01,prob_diag_linear,0.0065398598233605,0.006540722367365744
2099-04-01,prob_diag_linear,0.0176105538471707,0.017611254887125515
2099-07-01,prob_diag_linear,0.0610744555310395,0.061074744465967036
2099-10-01,prob_diag_linear,0.3402497336986335,0.3402495602683798
2100-01-01,prob_diag_linear,0.1503960036238094,0.1503959012098184
2100-04-01,prob_diag_linear,0.044780525681266,0.04478094652133305
2100-07-01,prob_diag_linear,0.0507372280992535,0.05073759646989348
2100-10-01,prob_diag_linear,0.0276938144435954,0.02769439714549466
2101-01-01,prob_diag_linear,0.0466233813733793,0.046623785196240185
2101-04-01,prob_diag_linear,0.0529186199031416,0.05291896773214493
2101-07-01,prob_diag_linear,0.0191397980858438,0.019140476609307875
2101-10-01,prob_diag_linear,0.0078564158726598,0.007857256435082519
2102-01-01,prob_diag_linear,0.0411918018215316,0.04119225086459522
2102-04-01,prob_diag_linear,0.0198662908563717,0.019866964629052093
2102-07-01,prob_diag_linear,0.0145004254411376,0.014501169013456926
2102-10-01,prob_diag_linear,0.0128481388626467,0.012848904009326218
2103-01-01,prob_diag_linear,0.0206591608947115,0.02065982384180567
2103-04-01,prob_diag_linear,0.0272693416907751,0.027269929830412914
2103-07-01,prob_diag_linear,0.1479906422597519,0.14799054014443228
2103-10-01,prob_diag_linear,0.4763368937051255,0.47633693141386685
2104-01-01,prob_diag_linear,0.4589532916138388,0.45895328036937966
2104-04-01,prob_diag_linear,0.3648288554750158,0.3648286759551925
2104-07-01,prob_diag_linear,0.6908796239312222,0.6908799428792486
2104-10-01,prob_diag_linear,0.4252674065694531,0.4252673180870666
2105-01-01,prob_diag_linear,0.3611396661426269,0.36113950614757495
2105-04-01,prob_diag_linear,0.5559544924495212,0.5559546730303164
2105-07-01,prob_diag_linear,0.3781026326283684,0.3781024970578137
2105-10-01,prob_diag_linear,0.1734544691173244,0.1734543093562133
2106-01-01,prob_diag_linear,0.248057441441193,0.24805723118999087
2106-04-01,prob_diag_linear,0.172618415261269,0.1726182662447882
2106-07-01,prob_diag_linear,0.1630603846770791,0.1630602495164905
2106-10-01,prob_diag_linear,0.2056380093359196,0.20563780644216265
2107-01-01,prob_diag_linear,0.0271125413491008,0.027113129517254423
2107-04-01,prob_diag_linear,0.0384285075435936,0.038428981031772697
2107-07-01,prob_diag_linear,0.0418805936120279,0.04188104098389858
2107-10-01,prob_diag_linear,0.0605590470053927,0.06055934303028459
2108-01-01,prob_diag_linear,0.0082957977019536,0.008296632222873666
2108-04-01,prob_diag_linear,0.002816496083598,0.0028174276545477506
2108-07-01,prob_diag_linear,0.0021126136129887,0.002113559838254209
2108-10-01,prob_diag_linear,0.0072533725128063,0.007254223501522904
2109-01-01,prob_diag_linear,0.0009278196566523,0.0009287930837851577
2109-04-01,prob_diag_linear,0.0001276812884524,0.000128676648008967
2109-07-01,prob_diag_linear,0.0007895160329706,0.0007904928883023285
2109-10-01,prob_diag_linear,0.0028471519372216,0.0028480830336037235
2110-01-01,prob_diag_linear,0.0072366421589135,0.007237493177471092
2110-04-01,prob_diag_linear,0.0053356493375692,0.005336532902179669
2110-07-01,prob_diag_linear,0.0017248839929826,0.0017258387864233949
2110-10-01,prob_diag_linear,0.0045869363604225,0.004587833320208002
2111-01-01,prob_diag_linear,0.017471306019946,0.017472005818063394
2111-04-01,prob_diag_linear,0.0544947741845352,0.05449510646118136
2111-07-01,prob_diag_linear,0.2934127676296786,0.2934125258492842
2111-10-01,prob_diag_linear,0.8526002939151707,0.8526004663000584
2112-01-01,prob_diag_linear,0.8467171581206219,0.8467173522570748
2112-04-01,prob_diag_linear,0.5295502991164166,0.5295504522472578
2112-07-01,prob_diag_linear,0.290007847777809,0.29000764280648356
2112-10-01,prob_diag_linear,0.2276744180120505,0.227674203089456
2113-01-01,prob_diag_linear,0.2671594306511274,0.2671592283747895
2113-04-01,prob_diag_linear,0.1890027107265341,0.1890025320907264
2113-07-01,prob_diag_linear,0.1438089177152709,0.14380882759605507
2113-10-01,prob_diag_linear,0.0286168100997499,0.028617385743869402
2114-01-01,prob_diag_linear,0.0505450592431465,0.050545430762768635
2114-04-01,prob_diag_linear,0.1851510393797313,0.18515085760908304
2114-07-01,prob_diag_linear,0.3496862664215786,0.3496860944216424
2114-10-01,prob_diag_linear,0.3039012617611051,0.3039010493598381
2115-01-01,prob_diag_linear,0.2982510721168081,0.29825086223942215
2115-04-01,prob_diag_linear,0.5821216212619069,0.5821218115202605
2115-07-01,prob_diag_linear,0.4788498619788073,0.4788498504228376
2115-10-01,prob_diag_linear,0.72014969797346,0.7201500125331045
2116-01-01,prob_diag_linear,0.4005790422436368,0.40057890164836313
2116-04-01,prob_diag_linear,0.2561843513186937,0.2561840880443245
2116-07-01,prob_diag_linear,0.6688167954521508,0.6688171087943939
2116-10-01,prob_diag_linear,0.7155078412699835,0.7155081721802715
2117-01-01,prob_diag_linear,0.5620701563268892,0.5620703164178948
2117-04-01,prob_diag_linear,0.3450229812096984,0.345022791686582
2117-07-01,prob_diag_linear,0.4581209121598696,0.458120903887437
2117-10-01,prob_diag_linear,0.3107153906084869,0.31071519153160815
2118-01-01,prob_diag_linear,0.5849547723868496,0.5849550236879991
2118-04-01,prob_diag_linear,0.901783462539422,0.9017834562331294
2118-07-01,prob_diag_linear,0.8459177378984849,0.8459179531818573
2118-10-01,prob_diag_linear,0.8268081162271138,0.8268083898418582
2119-01-01,prob_diag_linear,0.5293250275853565,0.5293251990142455
2119-04-01,prob_diag_linear,0.6216034166222014,0.621603731611179
2119-07-01,prob_diag_linear,0.3425284372137315,0.342528261399815
2119-10-01,prob_diag_linear,0.3684002282494465,0.3684000796889616
2120-01-01,prob_diag_linear,0.0245369488394909,0.024537566018318507
2120-04-01,prob_diag_linear,0.017585532107722,0.017586233402234624
2120-07-01,prob_diag_linear,0.0939120960224061,0.09391218666898954
2120-10-01,prob_diag_linear,0.527794580928747,0.5277947183559889
2121-01-01,prob_diag_linear,0.3193604077690525,0.3193602047647415
2121-04-01,prob_diag_linear,0.256877691264976,0.25687745640523035
2121-07-01,prob_diag_linear,0.2061416889290108,0.20614149805081966
2121-10-01,prob_diag_linear,0.5794551495854483,0.5794553986506323
2122-01-01,prob_diag_linear,0.3305954192071255,0.3305952357165565
2122-04-01,prob_diag_linear,0.5470397363620714,0.5470399014343023
2122-07-01,prob_diag_linear,0.2105625591479136,0.21056232371819034
2122-10-01,prob_diag_linear,0.2158698094338532,0.21586958368108217
2123-01-01,prob_diag_linear,0.0266440270958786,0.026644621028426293
2123-04-01,prob_diag_linear,0.2355956910432975,0.23559543565478971
2123-07-01,prob_diag_linear,0.6030306559265035,0.6030308945223778
2123-10-01,prob_diag_linear,0.5457806217625779,0.5457807775015086
2124-01-01,prob_diag_linear,0.2973328437161262,0.2973326215245839
2124-04-01,prob_diag_linear,0.3484271426958515,0.3484269668432624
2124-07-01,prob_diag_linear,0.3247891433216655,0.3247889283320604
2124-10-01,prob_diag_linear,0.23073020514493,0.23072995484567324
2087-07-01,prob_diag_mlp,0.3711056218424092,0.3688204440761661
2087-10-01,prob_diag_mlp,0.1255049044923561,0.12102016861253302
2088-01-01,prob_diag_mlp,0.6227316564038766,0.6295027729274499
2088-04-01,prob_diag_mlp,0.577191532497923,0.58437375964236
2088-07-01,prob_diag_mlp,0.5980686345615559,0.605952066838994
2088-10-01,prob_diag_mlp,0.408193930286362,0.4073410222925458
2089-01-01,prob_diag_mlp,0.3494842576794536,0.34783856733467444
2089-04-01,prob_diag_mlp,0.6625743103733209,0.6707362114400729
2089-07-01,prob_diag_mlp,0.3316717484294871,0.32765763567721273
2089-10-01,prob_diag_mlp,0.1391692238972262,0.1346092610894646
2090-01-01,prob_diag_mlp,0.7203814067117954,0.722751287012264
2090-04-01,prob_diag_mlp,0.6870562492905605,0.6913797851815644
2090-07-01,prob_diag_mlp,0.6227797774765609,0.6306962252387966
2090-10-01,prob_diag_mlp,0.2303018441253741,0.2290643555807779
2091-01-01,prob_diag_mlp,0.1752665720156663,0.17231852153867835
2091-04-01,prob_diag_mlp,0.3194311647530384,0.31352008375737106
2091-07-01,prob_diag_mlp,0.5669841697459996,0.5731062983783607
2091-10-01,prob_diag_mlp,0.7053796487209866,0.6970727640612772
2092-01-01,prob_diag_mlp,0.7448739048079982,0.7324383738782815
2092-04-01,prob_diag_mlp,0.4047335189338678,0.4104765299571252
2092-07-01,prob_diag_mlp,0.190619231205563,0.19723036097385618
2092-10-01,prob_diag_mlp,0.5145856758927825,0.5222192775328399
2093-01-01,prob_diag_mlp,0.391838934239769,0.3937819374192284
2093-04-01,prob_diag_mlp,0.6237993609909843,0.6303519000347722
2093-07-01,prob_diag_mlp,0.3069026810197787,0.3033437236378694
2093-10-01,prob_diag_mlp,0.156701791980404,0.15180122376754207
2094-01-01,prob_diag_mlp,0.1186211224922356,0.1225901773574419
2094-04-01,prob_diag_mlp,0.1076113957612487,0.1032840090243116
2094-07-01,prob_diag_mlp,0.0854928993932088,0.08658489062247421
2094-10-01,prob_diag_mlp,0.0765625278427474,0.07776974621500184
2095-01-01,prob_diag_mlp,0.0870654698347467,0.08677096220816109
2095-04-01,prob_diag_mlp,0.4039225817447958,0.40918622652691994
2095-07-01,prob_diag_mlp,0.2411818529383229,0.23356310866700547
2095-10-01,prob_diag_mlp,0.3117587477279575,0.3105828166344553
2096-01-01,prob_diag_mlp,0.5128719450324972,0.5193902451142205
2096-04-01,prob_diag_mlp,0.511644946882905,0.5191478943434211
2096-07-01,prob_diag_mlp,0.4569227129616854,0.4665934266746373
2096-10-01,prob_diag_mlp,0.0591472899960912,0.06235939013679604
2097-01-01,prob_diag_mlp,0.0516874538928286,0.05538839034337008
2097-04-01,prob_diag_mlp,0.0214888263620893,0.03061692715375137
2097-07-01,prob_diag_mlp,0.1540084804889345,0.15204543303947465
2097-10-01,prob_diag_mlp,0.0569839015669128,0.06364560738823119
2098-01-01,prob_diag_mlp,0.027169101729854,0.035520431385008655
2098-04-01,prob_diag_mlp,0.0163733051273228,0.02325843492195713
2098-07-01,prob_diag_mlp,0.0339297758315942,0.04139686896016701
2098-10-01,prob_diag_mlp,0.019012795487407,0.026194049283295214
2099-01-01,prob_diag_mlp,0.0065398598233605,0.014507262751136105
2099-04-01,prob_diag_mlp,0.0176105538471707,0.026101894570203604
2099-07-01,prob_diag_mlp,0.0610744555310395,0.06608502386895246
2099-10-01,prob_diag_mlp,0.3402497336986335,0.33970981126167155
2100-01-01,prob_diag_mlp,0.1503960036238094,0.15816835494915635
2100-04-01,prob_diag_mlp,0.044780525681266,0.05074110596868593
2100-07-01,prob_diag_mlp,0.0507372280992535,0.05375938542795811
2100-10-01,prob_diag_mlp,0.0276938144435954,0.03547093419651842
2101-01-01,prob_diag_mlp,0.0466233813733793,0.05124055171532737
2101-04-01,prob_diag_mlp,0.0529186199031416,0.05748662303991814
2101-07-01,prob_diag_mlp,0.0191397980858438,0.03179915557783236
2101-10-01,prob_diag_mlp,0.0078564158726598,0.016114022838606676
2102-01-01,prob_diag_mlp,0.0411918018215316,0.045140766436391234
2102-04-01,prob_diag_mlp,0.0198662908563717,0.027480598699163146
2102-07-01,prob_diag_mlp,0.0145004254411376,0.02301178440935001
2102-10-01,prob_diag_mlp,0.0128481388626467,0.020146671170744063
2103-01-01,prob_diag_mlp,0.0206591608947115,0.02719587874445224
2103-04-01,prob_diag_mlp,0.0272693416907751,0.03392345384727777
2103-07-01,prob_diag_mlp,0.1479906422597519,0.14899716540312333
2103-10-01,prob_diag_mlp,0.4763368937051255,0.4784601205992438
2104-01-01,prob_diag_mlp,0.4589532916138388,0.4607284524362619
2104-04-01,prob_diag_mlp,0.3648288554750158,0.3623237668245535
2104-07-01,prob_diag_mlp,0.6908796239312222,0.6919828113502579
2104-10-01,prob_diag_mlp,0.4252674065694531,0.42943138102038086
2105-01-01,prob_diag_mlp,0.3611396661426269,0.3593209335450908
2105-04-01,prob_diag_mlp,0.5559544924495212,0.5602649293809606
2105-07-01,prob_diag_mlp,0.3781026326283684,0.37655125063768374
2105-10-01,prob_diag_mlp,0.1734544691173244,0.16943968026224732
2106-01-01,prob_diag_mlp,0.248057441441193,0.2539085233091523
2106-04-01,prob_diag_mlp,0.172618415261269,0.1736637152633306
2106-07-01,prob_diag_mlp,0.1630603846770791,0.1645248793908535
2106-10-01,prob_diag_mlp,0.2056380093359196,0.20859822790619253
2107-01-01,prob_diag_mlp,0.0271125413491008,0.03623797277701351
2107-04-01,prob_diag_mlp,0.0384285075435936,0.043109730316568805
2107-07-01,prob_diag_mlp,0.0418805936120279,0.04895175291386217
2107-10-01,prob_diag_mlp,0.0605590470053927,0.06354985477439125
2108-01-01,prob_diag_mlp,0.0082957977019536,0.01682405939739324
2108-04-01,prob_diag_mlp,0.002816496083598,0.010035039125343601
2108-07-01,prob_diag_mlp,0.0021126136129887,0.009109061569551298
2108-10-01,prob_diag_mlp,0.0072533725128063,0.015156222309637115
2109-01-01,prob_diag_mlp,0.0009278196566523,0.007289114835243345
2109-04-01,prob_diag_mlp,0.0001276812884524,0.004904954929664111
2109-07-01,prob_diag_mlp,0.0007895160329706,0.006860723294949611
2109-10-01,prob_diag_mlp,0.0028471519372216,0.010392642419122298
2110-01-01,prob_diag_mlp,0.0072366421589135,0.015477425321725158
2110-04-01,prob_diag_mlp,0.0053356493375692,0.013295334071953406
2110-07-01,prob_diag_mlp,0.0017248839929826,0.008798702070451974
2110-10-01,prob_diag_mlp,0.0045869363604225,0.012658603332935872
2111-01-01,prob_diag_mlp,0.017471306019946,0.026243373757052185
2111-04-01,prob_diag_mlp,0.0544947741845352,0.05811791532060311
2111-07-01,prob_diag_mlp,0.2934127676296786,0.2900138926029516
2111-10-01,prob_diag_mlp,0.8526002939151707,0.8465313351003174
2112-01-01,prob_diag_mlp,0.8467171581206219,0.8426323856351384
2112-04-01,prob_diag_mlp,0.5295502991164166,0.5353309512977696
2112-07-01,prob_diag_mlp,0.290007847777809,0.29382598269086435
2112-10-01,prob_diag_mlp,0.2276744180120505,0.2339610697484905
2113-01-01,prob_diag_mlp,0.2671594306511274,0.2796456468939686
2113-04-01,prob_diag_mlp,0.1890027107265341,0.19121429303494952
2113-07-01,prob_diag_mlp,0.1438089177152709,0.14153450020511174
2113-10-01,prob_diag_mlp,0.0286168100997499,0.03708730098739554
2114-01-01,prob_diag_mlp,0.0505450592431465,0.05548516113231093
2114-04-01,prob_diag_mlp,0.1851510393797313,0.18189621315266094
2114-07-01,prob_diag_mlp,0.3496862664215786,0.34813751656021735
2114-10-01,prob_diag_mlp,0.3039012617611051,0.3024769384815793
2115-01-01,prob_diag_mlp,0.2982510721168081,0.2945247647103014
2115-04-01,prob_diag_mlp,0.5821216212619069,0.5857682704312267
2115-07-01,prob_diag_mlp,0.4788498619788073,0.4750642669945868
2115-10-01,prob_diag_mlp,0.72014969797346,0.7051412095676778
2116-01-01,prob_diag_mlp,0.4005790422436368,0.41144372736095075
2116-04-01,prob_diag_mlp,0.2561843513186937,0.2507711125816251
2116-07-01,prob_diag_mlp,0.6688167954521508,0.6752985743475779
2116-10-01,prob_diag_mlp,0.7155078412699835,0.7162249237135916
2117-01-01,prob_diag_mlp,0.5620701563268892,0.5655723033626426
2117-04-01,prob_diag_mlp,0.3450229812096984,0.34180679364311095
2117-07-01,prob_diag_mlp,0.4581209121598696,0.46103763455823743
2117-10-01,prob_diag_mlp,0.3107153906084869,0.3153411486562849
2118-01-01,prob_diag_mlp,0.5849547723868496,0.5897972941158823
2118-04-01,prob_diag_mlp,0.901783462539422,0.8781652242173464
2118-07-01,prob_diag_mlp,0.8459177378984849,0.8363867798669178
2118-10-01,prob_diag_mlp,0.8268081162271138,0.8090907268649602
2119-01-01,prob_diag_mlp,0.5293250275853565,0.524841733228284
2119-04-01,prob_diag_mlp,0.6216034166222014,0.6140791940433102
2119-07-01,prob_diag_mlp,0.3425284372137315,0.3430257715063156
2119-10-01,prob_diag_mlp,0.3684002282494465,0.3677518136785508
2120-01-01,prob_diag_mlp,0.0245369488394909,0.03132394601414953
2120-04-01,prob_diag_mlp,0.017585532107722,0.024409398719576356
2120-07-01,prob_diag_mlp,0.0939120960224061,0.09145044172858795
2120-10-01,prob_diag_mlp,0.527794580928747,0.5353127703903936
2121-01-01,prob_diag_mlp,0.3193604077690525,0.3155328672055292
2121-04-01,prob_diag_mlp,0.256877691264976,0.254103427514139
2121-07-01,prob_diag_mlp,0.2061416889290108,0.2092600449404234
2121-10-01,prob_diag_mlp,0.5794551495854483,0.5754823431702029
2122-01-01,prob_diag_mlp,0.3305954192071255,0.3287645245880143
2122-04-01,prob_diag_mlp,0.5470397363620714,0.5545995120105187
2122-07-01,prob_diag_mlp,0.2105625591479136,0.20709095568837954
2122-10-01,prob_diag_mlp,0.2158698094338532,0.20922974051191653
2123-01-01,prob_diag_mlp,0.0266440270958786,0.032535453456642965
2123-04-01,prob_diag_mlp,0.2355956910432975,0.2284127532891463
2123-07-01,prob_diag_mlp,0.6030306559265035,0.6109039914329979
2123-10-01,prob_diag_mlp,0.5457806217625779,0.5514703152427579
2124-01-01,prob_diag_mlp,0.2973328437161262,0.2941248419111131
2124-04-01,prob_diag_mlp,0.3484271426958515,0.3465089842092495
2124-07-01,prob_diag_mlp,0.3247891433216655,0.3212016754503005
2124-10-01,prob_diag_mlp,0.23073020514493,0.22262467351396337
