DATE,real_gdp_growth,unemployment_rate,industrial_production,real_disposable_personal_income,cpi,house_price_index,federal_funds_rate,treasury_10y_2y_spread,vix,corporate_bond_spread,senior_loan_officer_survey,charge_off_rate,excess_bond_premium,c_q,c_q_lag1
1990-06-30,1.5,5.333333333333333,0.6842948171443375,0.7367407895518596,0.9844639094062302,0.42306360695398837,8.243333333333332,0.10301587301587302,18.72206349206349,1.6387301587301586,54.4,1.43,0.14699015462627044,0.003575,
1990-09-30,0.3,5.7,0.3868507600213178,0.01424760033756911,1.7125019142593345,0.6072832300183961,8.16,0.6025396825396826,25.195555555555554,1.706190476190476,46.7,1.28,-0.047302419628392905,0.0032,0.003575
1990-12-31,-3.6,6.133333333333333,-1.5600180237102634,-0.8042512014334591,1.6836683684356757,-0.39040261003435717,7.743333333333332,0.8001612903225807,26.11328125,2.19741935483871,54.2,1.3,0.26695642154533583,0.0032500000000000003,0.0032
1991-03-31,-1.9,6.6000000000000005,-1.932576743398684,0.3066827268606076,0.7447899373853595,0.8330135365712366,6.426666666666667,0.9871666666666666,22.515833333333333,2.1865,38.6,1.48,0.30545449055505086,0.0037,0.0032500000000000003
1991-06-30,3.2,6.833333333333333,0.5263528830548481,0.7481779168353242,0.5918636266454058,0.6602647191089162,5.863333333333333,1.23140625,17.14703125,1.7959375,20.0,1.86,0.1627047216123355,0.0046500000000000005,0.0037
1991-09-30,2.0,6.866666666666667,1.3908221862698689,0.38341745627636925,0.759342289162035,0.1954571653150161,5.6433333333333335,1.42890625,16.63421875,1.74015625,18.6,1.97,0.16901491188857795,0.004925,0.0046500000000000005
1991-12-31,1.4,7.1000000000000005,0.2033693284086091,0.7823911817412821,0.8262501440683856,1.3809533397544094,4.816666666666666,1.8412903225806452,17.4553125,2.056290322580645,16.7,1.83,0.16857850486055048,0.004575,0.004925
1992-03-31,4.9,7.366666666666667,-0.1492585356466236,1.9109404850672362,0.6753523015779805,0.7731922366659205,4.023333333333333,2.0130645161290324,17.564285714285713,1.8946774193548388,10.0,1.95,0.06797667960510383,0.004875,0.004575
1992-06-30,4.4,7.6000000000000005,1.7908413574076576,0.933581398042449,0.7662872745568983,-0.028959485881951963,3.7699999999999996,2.172857142857143,15.616349206349208,1.7515873015873016,3.5,1.32,0.01647977942836963,0.0033,0.004875
1992-09-30,4.0,7.633333333333333,0.7961883778407675,0.43329109232530527,0.7604599385219402,1.140433970557897,3.2566666666666664,2.46796875,13.90203125,2.08546875,-3.4,1.43,0.06623298475516227,0.003575,0.0033
1992-12-31,4.2,7.366666666666667,1.0140948440914066,0.4392803577642823,0.8721328113814764,0.502714569147944,3.0366666666666666,2.295645161290323,14.76109375,2.1253225806451614,5.2,1.03,0.0961095065358306,0.002575,0.003575
1993-03-31,0.7,7.133333333333333,0.9130411356256474,0.38170646268724795,0.7248950250677844,0.039880359451771596,3.0399999999999996,2.1250819672131147,13.255322580645162,2.1268852459016396,3.4,0.94,0.055526735153096106,0.0023499999999999997,0.002575
1993-06-30,2.3,7.066666666666666,0.19804526149238555,0.3113434346253996,0.7196780917041679,0.9523881511255716,3.0,1.9923809523809524,12.973174603174602,2.150952380952381,-12.1,0.85,0.024445703022839566,0.002125,0.0023499999999999997
1993-09-30,1.9,6.8,0.3891891042259843,0.08234162704248149,0.4615747867190656,0.8091750152629196,3.06,1.64140625,12.1171875,2.00765625,-25.0,0.68,-0.007845621955855335,0.0017000000000000001,0.002125
1993-12-31,5.6,6.633333333333333,1.544352872098731,0.6920173962642551,0.8255034266576367,0.8137829871678548,2.99,1.530967741935484,12.4215625,1.9414516129032255,-20.0,0.56,-0.09810532658953657,0.0014000000000000002,0.0017000000000000001
1994-03-31,3.9,6.566666666666666,1.2104958044791836,0.6496550529901057,0.5011400009693467,0.6198138271038545,3.2133333333333334,1.5306451612903227,13.436190476190477,1.771774193548387,-18.6,0.3,-0.32177590560736036,0.00075,0.0014000000000000002
1994-06-30,5.5,6.2,1.8158774666434674,0.9918209959431934,0.566445379990288,0.5885767424477883,3.94,1.262741935483871,14.51258064516129,1.5117741935483873,-15.5,0.31,-0.28610664744761477,0.000775,0.00075
1994-09-30,2.4,6.0,1.2844301916588918,0.5877964072917408,0.922080074112408,0.4159603173399695,4.486666666666667,1.0948437500000001,12.51625,1.50984375,-10.3,0.19,-0.3125577687635231,0.000475,0.000775
1994-12-31,4.7,5.633333333333333,2.0280439900656866,1.4207508039962846,0.580358771804157,-0.08742692213061787,5.166666666666667,0.6745901639344262,15.268730158730158,1.3678688524590163,-22.4,0.24,-0.23472521572617022,0.0006,0.000475
1995-03-31,1.4,5.466666666666666,1.0525893236413175,0.8413806561870629,0.7317917123322637,0.5234186749555114,5.81,0.35677419354838713,11.992380952380952,1.3983870967741936,-10.2,0.17,-0.24399674607345104,0.00042500000000000003,0.0006
1995-06-30,1.2,5.666666666666667,0.33772440994628283,0.27602314430286157,0.8141754733919093,1.6342965079463312,6.02,0.46841269841269845,12.19031746031746,1.6166666666666665,-6.8,0.12,-0.19806100830542447,0.0003,0.00042500000000000003
1995-09-30,3.5,5.666666666666667,0.9791492253492073,0.9016059572624968,0.5027882490447944,1.5237479916603291,5.796666666666667,0.46761904761904766,12.472698412698412,1.7326984126984126,-8.6,0.33,-0.18919880306931203,0.000825,0.0003
1995-12-31,2.7,5.566666666666666,0.8199923418832356,0.5674878019469531,0.5436568788855567,0.7715561172568108,5.72,0.3954838709677419,12.899682539682539,1.7456451612903225,-5.2,0.27,-0.0372364255249936,0.000675,0.000825
1996-03-31,3.0,5.533333333333334,0.6743392678307814,0.9257667630771849,0.8852481431849135,1.1075116452810008,5.363333333333333,0.6403225806451613,15.398253968253968,1.7990322580645162,6.9,0.31,-0.21558972102226934,0.000775,0.000675
1996-06-30,6.8,5.5,2.1419662039643406,0.8986226400137909,0.8561696134811392,0.16533199322790182,5.243333333333333,0.60328125,16.36825396825397,1.580625,-1.8,0.28,-0.25915462465985933,0.0007000000000000001,0.000775
1996-09-30,3.6,5.266666666666667,1.3173141697218504,0.7784447957535079,0.5737981953020999,0.4429800176798615,5.306666666666667,0.6,16.7784375,1.51359375,-7.4,0.23,-0.3326618115443994,0.000575,0.0007000000000000001
1996-12-31,4.2,5.333333333333333,1.4392540913252816,0.503993131793834,0.8650755499078677,0.7781742028140748,5.28,0.550483870967742,17.20625,1.5688709677419355,-8.6,0.2,-0.3035986563972109,0.0005,0.000575
1997-03-31,2.6,5.233333333333333,1.8918577110554224,0.9115527619659503,0.6073953117143205,0.8176992665146265,5.276666666666666,0.5223333333333333,19.9165,1.5090000000000001,-8.9,0.21,-0.4051172995157087,0.000525,0.0005
1997-06-30,6.8,5.0,1.4536354375998428,0.8563632568474588,0.22942965533729875,0.8311343650793113,5.523333333333333,0.42375,19.92296875,1.489375,-10.3,0.23,-0.4456208644324338,0.000575,0.000525
1997-09-30,5.1,4.866666666666667,2.3101964534060215,1.1753067304242748,0.4987541511039417,1.3502609172221902,5.533333333333334,0.3384375,22.445,1.5165625,-5.8,0.35,-0.5072730784758681,0.0008749999999999999,0.000575
1997-12-31,3.5,4.666666666666667,2.4852767564355283,1.4658129108189755,0.5375245524507299,1.2931956495855879,5.506666666666667,0.1717741935483871,27.092380952380953,1.5338709677419355,-7.0,0.27,-0.36642161401013035,0.000675,0.0008749999999999999
1998-03-31,4.1,4.633333333333333,1.1004860704269426,2.1043332772835655,0.2059732963010319,1.4935059161252262,5.52,0.14131147540983607,21.324590163934424,1.6683606557377049,1.8,0.34,-0.32960386784080936,0.0008500000000000001,0.000675
1998-06-30,3.8,4.3999999999999995,0.6577258403615893,1.3919595930758533,0.3286773706623336,0.8769253790192444,5.5,0.03492063492063492,21.534285714285716,1.6584126984126986,-7.1,0.35,-0.345468365218105,0.0008749999999999999,0.0008500000000000001
1998-09-30,5.1,4.533333333333333,0.7850584218306089,0.9889281911524606,0.5114054308385185,1.3929253497662053,5.533333333333334,0.07125000000000001,29.75171875,1.91984375,0.0,0.41,-0.004013301923079336,0.0010249999999999999,0.0008749999999999999
1998-12-31,6.6,4.433333333333334,1.4246425435947785,0.7464506985389363,0.4681942394796579,1.1786853017831334,4.86,0.2856451612903226,29.5371875,2.5837096774193546,36.4,0.44,0.17731432866087724,0.0011,0.0010249999999999999
1999-03-31,3.8,4.3,1.187349720799702,1.0639264230780654,0.3648899244210746,1.04078465692643,4.733333333333333,0.13918032786885245,27.252786885245904,2.411311475409836,7.4,0.51,-0.07286028203617077,0.001275,0.0011
1999-06-30,3.4,4.266666666666667,0.9765672028854588,0.06757232607359498,0.7458960093627454,1.321131875693471,4.746666666666667,0.25703125,24.395555555555557,2.19796875,10.0,0.54,-0.15821939282792322,0.00135,0.001275
1999-09-30,5.4,4.233333333333333,0.8668213174974682,0.7053688945418912,0.7403735670574285,1.4114273943803823,5.093333333333334,0.250625,23.320625,2.219375,5.4,0.56,0.018031285336380393,0.0014000000000000002,0.00135
1999-12-31,6.7,4.066666666666666,1.6584243111036123,1.2867170581763787,0.7349322979152362,1.0201669944390979,5.306666666666667,0.19661290322580643,22.65828125,2.0920967741935486,9.1,0.57,0.041091575534960935,0.0014249999999999998,0.0014000000000000002
2000-03-31,1.5,4.033333333333333,0.86177686601836,1.7310632901272882,0.9846475772062213,1.8922746597135998,5.676666666666667,-0.05793650793650793,23.15031746031746,1.8623809523809522,10.9,0.61,0.209132197789929,0.0015249999999999999,0.0014249999999999998
2000-06-30,7.5,3.9333333333333336,1.1270407901489143,1.1750311683615067,0.7807964710944582,1.622053595380546,6.273333333333333,-0.3877777777777778,24.923968253968255,2.419206349206349,24.6,0.7,0.7102017767257075,0.0017499999999999998,0.0015249999999999999
2000-09-30,0.4,4.0,-0.10733053427509631,1.3112759647018635,0.9097130385018914,1.8065116839403927,6.52,-0.3271428571428571,19.16904761904762,2.423174603174603,33.9,0.74,1.0210993419981609,0.00185,0.0017499999999999998
2000-12-31,2.4,3.9,-0.2636620309371729,0.6673117370688431,0.7103802552987482,1.518150690844422,6.473333333333334,-0.14838709677419357,26.016666666666666,2.6469354838709678,43.9,0.92,1.5897319862197572,0.0023,0.00185
2001-03-31,-1.3,4.233333333333333,-1.1891615201818695,0.7933109412363137,0.9520254692745311,2.44916876281005,5.593333333333334,0.46403225806451615,25.726451612903226,2.8375806451612906,59.6,1.06,1.1597616676294418,0.00265,0.0023
2001-06-30,2.5,4.3999999999999995,-1.209745261483075,-0.07692884787289245,0.6987092914091164,1.6623322446423394,4.326666666666667,1.0844444444444443,23.923809523809524,2.7622222222222224,50.9,1.24,0.9158903581598549,0.0031,0.00265
2001-09-30,-1.6,4.833333333333333,-1.4013151336200735,2.259234445402747,0.2818755977023635,1.533488215348111,3.4966666666666666,1.3195081967213114,25.380338983050848,2.9445901639344263,40.4,1.43,0.9386123327218817,0.003575,0.0031
2001-12-31,1.1,5.5,-1.0698684899683286,-1.6726824534032403,-0.07508917191563214,1.2324955300285545,2.1333333333333333,1.895,27.91,3.1649180327868853,50.9,1.78,0.4597432306315872,0.00445,0.003575
2002-03-31,3.4,5.7,0.6808644722963386,2.367501449665177,0.318740309228005,1.4196064064086578,1.7333333333333334,1.8786666666666667,21.360833333333336,2.8758333333333335,45.5,1.74,0.5528584779311738,0.00435,0.00445
2002-06-30,2.5,5.833333333333333,1.513613261740332,0.7996990155630712,0.7831477654657526,1.6960763159645786,1.75,1.8721875,21.643125,2.9196875,25.0,1.89,0.6443365665157742,0.004725,0.00435
2002-09-30,1.6,5.733333333333333,0.6020524647806447,0.12147561387987338,0.5371875472413912,1.962047177893389,1.74,2.03359375,35.0684375,3.36,21.4,2.24,1.6015978162980975,0.005600000000000001,0.004725
2002-12-31,0.5,5.866666666666667,-0.0020595549743873676,0.609851429292263,0.5894288570083006,1.4113762481485992,1.4433333333333334,2.1151612903225807,30.72671875,3.5966129032258065,20.0,1.32,1.1591809451536117,0.0033,0.005600000000000001
2003-03-31,2.1,5.866666666666667,0.6541251684675231,0.02587543952028426,1.0232137508397798,1.2058530291779945,1.25,2.270983606557377,30.022622950819674,3.1998360655737703,22.0,1.65,0.5736859795546017,0.004125,0.0033
2003-06-30,3.6,6.133333333333333,-0.7090132232326241,1.1294756979770781,-0.16374059875960967,1.2162312082571347,1.2466666666666668,2.199047619047619,21.531269841269843,2.8531746031746033,8.9,1.41,-0.25273005111487895,0.003525,0.004125
2003-09-30,6.8,6.133333333333333,0.6575174226204794,1.6909541876724887,0.7437676010247252,1.5328524055469472,1.0166666666666666,2.549375,19.32015625,2.57546875,3.4,1.29,-0.6005752508121237,0.003225,0.003525
2003-12-31,4.7,5.833333333333333,0.9342641980834898,0.27025203135604414,0.3788224968635845,2.783916720292634,0.9966666666666667,2.4288709677419353,17.4271875,2.3774193548387097,0.0,0.83,-0.5235024839079108,0.002075,0.003225
2004-03-31,2.3,5.7,0.6616679050932106,0.4520125840326017,0.8426764343087534,1.561928198068241,1.0033333333333332,2.323387096774194,16.65806451612903,2.2562903225806448,-17.9,0.8,-0.5212337864049704,0.002,0.002075
2004-06-30,3.1,5.599999999999999,0.5230505674585828,1.0183308136197056,0.7825044373929835,2.4136434527503248,1.01,2.14241935483871,16.21126984126984,2.064838709677419,-22.8,0.58,-0.5088876390612395,0.00145,0.002
2004-09-30,3.8,5.433333333333334,0.5485953049900516,0.6432894845891823,0.635707597336399,3.7389621413989715,1.4333333333333333,1.74484375,15.4421875,2.15015625,-20.0,0.45,-0.4299888877587387,0.0011250000000000001,0.00145
2004-12-31,4.1,5.433333333333334,1.3874294762526773,1.15590197635278,1.0680308123882654,2.124077934091506,1.95,1.3533870967741934,13.65140625,2.0103225806451612,-21.1,0.39,-0.6368961690432898,0.0009750000000000001,0.0011250000000000001
2005-03-31,4.5,5.3,1.4073911455413146,-1.3644359460858624,0.5037794029957077,2.269032948423799,2.47,0.848688524590164,12.787049180327868,1.6667213114754098,-23.6,0.26,-0.7557577848194091,0.00065,0.0009750000000000001
2005-06-30,2.0,5.1000000000000005,0.5753199162912281,0.9094366269669862,0.6735195134990768,3.155934893535317,2.9433333333333334,0.51265625,13.40734375,1.81078125,-24.1,0.24,-0.3796792123229329,0.0006,0.00065
2005-09-30,3.2,4.966666666666667,-0.4198170706178672,0.36720968085095507,1.5032739529264205,2.98324490667623,3.4599999999999995,0.2571875,12.25078125,1.7659375,-16.7,0.21,-0.520908003462729,0.000525,0.0006
2005-12-31,2.2,4.966666666666667,0.9261924580298064,0.8930192133030701,0.9281983778168801,2.24527972307369,3.98,0.12360655737704918,12.781746031746032,1.8478688524590163,-8.8,0.31,-0.3121393528714559,0.000775,0.000525
2006-03-31,5.5,4.733333333333333,0.9746088629808192,1.8345656767984053,0.5193946500923197,1.5680264350085515,4.456666666666667,-0.027580645161290322,12.04241935483871,1.7346774193548387,-10.7,0.21,-0.35218811911942316,0.000525,0.000775
2006-06-30,1.0,4.633333333333333,0.5897719479456498,0.3725023927636073,0.8983590612470671,1.0237937044327516,4.906666666666667,0.07476190476190477,14.528730158730157,1.665079365079365,-12.3,0.27,-0.3702203190900062,0.000675,0.000525
2006-09-30,0.6,4.633333333333334,0.40450908581473044,0.14436217269224727,0.9395931648588096,0.8190185496390612,5.246666666666667,-0.035555555555555556,13.607936507936508,1.6996825396825397,-8.9,0.3,-0.27953882846432404,0.00075,0.000675
2006-12-31,3.5,4.433333333333334,0.23132469971898217,1.2118765407533871,-0.4110157861828334,1.021025909068829,5.246666666666667,-0.10693548387096774,11.034920634920635,1.6525806451612903,0.0,0.34,-0.38287022674525734,0.0008500000000000001,0.00075
2007-03-31,1.2,4.5,1.0078318255620111,0.7628844604035123,0.9756206934616429,0.3687125588808904,5.256666666666667,-0.0814516129032258,12.56360655737705,1.6166129032258065,0.0,0.37,-0.4570104269490424,0.000925,0.0008500000000000001
2007-06-30,2.5,4.5,1.183001804599737,0.4942237554699247,1.1261884506108544,-0.0657418996789616,5.25,0.04234375,13.731904761904762,1.64421875,-3.8,0.42,-0.4169306373910655,0.00105,0.000925
2007-09-30,2.3,4.666666666666667,0.15269180757604417,0.16824858339994364,0.6310173626604687,-1.1242761104313104,5.073333333333333,0.3476190476190476,21.589206349206346,1.8957142857142857,7.5,0.46,0.10430123154685363,0.00115,0.00105
2007-12-31,2.5,4.8,0.2962694073932681,0.12165871132641115,1.219179498927403,-0.32775120270294167,4.496666666666667,0.7769354838709678,22.02984375,2.239193548387097,19.2,0.65,0.2987915156574958,0.0016250000000000001,0.00115
2008-03-31,-1.7,5.0,-0.29541868023414963,0.42313374217570754,1.0773640999506284,-0.7393749024937613,3.1766666666666663,1.6359016393442625,26.120163934426227,3.083606557377049,32.1,0.71,0.9537032208884831,0.0017749999999999999,0.0016250000000000001
2008-06-30,2.4,5.333333333333333,-1.464359814044247,2.0348970587713566,1.2925478139099944,-2.559982939703165,2.0866666666666664,1.46515625,20.67296875,3.108125,55.4,0.84,0.733674299070829,0.0021,0.0017749999999999999
2008-09-30,-2.1,6.0,-3.240335049156773,-1.9429690195986282,1.5301143524211192,-3.1980976946747397,1.9400000000000002,1.5021875,25.0734375,3.34375,57.7,1.03,1.367333098677029,0.002575,0.0021
2008-12-31,-8.5,6.866666666666667,-4.398667254331112,1.1370096650553663,-2.3168225357180994,-0.9270983194379134,0.5066666666666667,2.0191935483870966,58.6046875,5.580967741935484,83.6,1.27,3.29367407926212,0.003175,0.002575
2009-03-31,-4.5,8.266666666666667,-5.819749159998544,-0.07894598036504163,-0.6902463434634853,0.7332335078934271,0.18333333333333335,1.8319672131147542,45.0,5.488524590163935,64.2,1.94,2.926104194629788,0.00485,0.003175
2009-06-30,-0.7,9.299999999999999,-2.893069332317655,0.6686581742158637,0.5303482697453177,-2.6517088559772084,0.18000000000000002,2.303174603174603,33.01571428571428,4.652222222222222,39.6,2.43,1.5257728252949387,0.0060750000000000005,0.00485
2009-09-30,1.4,9.633333333333333,1.5537897194880301,-1.218392720363859,0.8567130474912865,-2.6426716011578755,0.15666666666666665,2.4878125,25.48625,3.1478125,31.5,2.57,0.15512425439135324,0.006424999999999999,0.0060750000000000005
2009-12-31,4.4,9.933333333333334,1.638731511944247,0.1464374650675282,0.7798843341534578,-0.7702220362092227,0.12,2.586129032258065,23.071875,2.863225806451613,14.0,2.27,-0.20183077118108153,0.005675,0.006424999999999999
2010-03-31,1.9,9.833333333333334,1.9762281049632513,0.5985137928885109,0.1583779485945236,-1.1987881296025016,0.13333333333333333,2.8001639344262297,20.149672131147543,2.5693442622950817,-5.5,2.1,-0.10610664332239539,0.00525,0.005675
2010-06-30,3.9,9.633333333333333,1.876580877061862,1.6483963528184375,-0.035275695258629725,-0.9124882204431195,0.19333333333333336,2.6193750000000002,26.391428571428573,2.69015625,-7.1,1.85,-0.1051277374080359,0.004625000000000001,0.00525
2010-09-30,3.1,9.466666666666667,1.2894663588866706,0.5415386730474481,0.29271788044127334,0.9646426601214841,0.18666666666666668,2.24578125,24.28359375,2.9909375,-8.8,1.71,-0.013951171376648941,0.004275,0.004625000000000001
2010-12-31,2.1,9.5,0.41772315793240367,0.3774452762250746,0.8064633548182876,-0.7141128598755486,0.18666666666666668,2.391290322580645,19.318437499999998,3.0383870967741933,-10.5,1.29,-0.15604351488025867,0.003225,0.004275
2011-03-31,-0.9,9.033333333333333,0.5467937311199655,1.0013533005116315,1.0615631507868706,-2.819558998675298,0.15666666666666668,2.763709677419355,18.614838709677418,2.6291935483870965,-10.5,1.17,-0.17444746888025406,0.0029249999999999996,0.003225
2011-06-30,2.7,9.066666666666666,0.41404113475396187,-0.19857965865224259,1.1305981745300286,-1.7792067214230656,0.09333333333333334,2.63984126984127,17.482380952380954,2.646190476190476,-16.4,0.87,-0.11036785114972081,0.002175,0.0029249999999999996
2011-09-30,-0.1,9.0,1.1543109909708527,0.5315375480824613,0.6499490627828841,0.7411737976863009,0.08333333333333333,2.135,30.58359375,3.041875,-21.8,0.74,0.1220155413142473,0.00185,0.002175
2011-12-31,4.6,8.633333333333333,1.0312574928073914,0.2240435180679512,0.44789810318626166,0.4612583853136343,0.07333333333333335,1.7831147540983605,29.93952380952381,3.2065573770491804,-5.9,0.68,0.26098403651507435,0.0017000000000000001,0.00185
2012-03-31,3.4,8.266666666666667,0.9855036177892629,1.522923137941845,0.5615919658330526,-1.053757301056546,0.10333333333333333,1.750483870967742,18.20403225806452,3.162258064516129,5.4,0.57,0.0012665587847586386,0.0014249999999999998,0.0017000000000000001
2012-06-30,1.8,8.2,0.6331590043553881,0.6702436249430122,0.21087916393058848,-0.459666742297582,0.15333333333333335,1.53625,20.035714285714285,3.268125,-6.9,0.55,0.011052413147342732,0.0013750000000000001,0.0014249999999999998
2012-09-30,0.6,8.033333333333333,-0.01991569484607325,-0.7957591515522111,0.45045415849909176,1.3214915446527087,0.14333333333333334,1.3834920634920633,16.192698412698412,3.2344444444444447,-9.5,0.48,-0.0835327337213251,0.0012,0.0013750000000000001
2012-12-31,0.5,7.8,0.4779394110269841,2.7452937422262735,0.6627513813426411,0.7845929130257723,0.16,1.4395081967213115,16.752903225806453,2.8672131147540982,-7.6,0.35,-0.1012680208480089,0.0008749999999999999,0.0012
2013-03-31,4.0,7.733333333333333,0.7497314631875973,-4.0429411335027865,0.4011490592279898,0.4880531966934498,0.14333333333333334,1.6881666666666666,13.527,2.859,-7.4,0.36,-0.04418290646056553,0.0009,0.0008749999999999999
2013-06-30,1.1,7.533333333333334,0.457811862059998,0.7548396568852311,-0.1095451545370274,1.5154419754843218,0.11666666666666665,1.71609375,14.837031249999999,2.83828125,-19.1,0.31,-0.30297482858269165,0.000775,0.0009
2013-09-30,3.5,7.233333333333333,0.4078608777667192,0.3488456398542894,0.5393860652711524,1.4068843588286306,0.08333333333333333,2.340625,14.2796875,2.69578125,-18.1,0.27,-0.07410658422476203,0.000675,0.000775
2013-12-31,3.5,6.933333333333334,0.673080105375945,0.137813357882699,0.369085151597659,0.7890431786814034,0.08666666666666667,2.416935483870968,14.2328125,2.6129032258064515,-8.3,0.25,-0.04588263822233247,0.000625,0.000675
2014-03-31,-1.4,6.666666666666667,0.6807931492372354,1.1596254373269943,0.620855138749743,0.8070432152760709,0.07333333333333335,2.3906557377049182,14.828852459016392,2.3540983606557377,-13.7,0.23,-0.2495069748536478,0.000575,0.000625
2014-06-30,5.3,6.2,1.3573786923290143,1.2497816685847596,0.5296736146774172,1.9214094424034656,0.09333333333333334,2.2014285714285715,12.738253968253968,2.2009523809523808,-11.1,0.21,-0.3349841100754484,0.000525,0.000575
2014-09-30,5.0,6.066666666666666,0.5470640320588416,0.9356866272819175,0.25550731653547487,1.4274394384658606,0.09000000000000001,1.9845312499999999,13.07265625,2.2428125,-10.7,0.2,-0.27698140768450585,0.0005,0.000525
2014-12-31,2.0,5.7,0.5481456571783561,1.416542183366687,-0.24875285119811963,0.8091082878389777,0.09999999999999999,1.7393548387096776,16.07234375,2.4577419354838708,-10.5,0.22,-0.019594997960013197,0.00055,0.0005
2015-03-31,3.6,5.533333333333334,-1.1264735913441015,1.3668501787542198,-0.6493850155202097,1.098357756258661,0.11,1.3642622950819672,16.564754098360655,2.5324590163934424,-5.5,0.17,-0.1534839151214802,0.00042500000000000003,0.00055
2015-06-30,2.5,5.433333333333334,-1.38425608312156,0.3003421145525209,0.679633794368506,1.6040843362104873,0.12333333333333334,1.55171875,13.740158730158731,2.6665625,-5.3,0.21,0.07210302762657117,0.000525,0.00042500000000000003
2015-09-30,1.6,5.1000000000000005,0.07243207334060031,0.556387039321038,0.37698937901513574,1.4064220168706676,0.1366666666666667,1.530625,19.30734375,3.01984375,-7.0,0.25,0.3866972262100748,0.000625,0.000525
2015-12-31,0.7,5.033333333333333,-1.387470226797305,0.5647239926492631,-0.00756792210445667,0.7925113525512728,0.16,1.352258064516129,17.03328125,3.226935483870968,7.4,0.31,0.5426675755864029,0.000775,0.000625
2016-03-31,2.3,4.8999999999999995,-0.6459737868611093,0.8083670353350669,-0.06210662209937823,0.9203740944965233,0.36000000000000004,1.078032786885246,20.486229508196722,3.3844262295081964,8.2,0.44,0.8223654255359115,0.0011,0.000775
2016-06-30,1.3,4.933333333333334,-0.32756575285581846,-0.20118450581687597,0.7966021540333657,1.8452557763232846,0.37333333333333335,0.97890625,15.6759375,2.91,11.6,0.44,0.1891218636474629,0.0011,0.0011
2016-09-30,2.9,4.8999999999999995,0.21976632481655045,0.5640390900069292,0.42357620253197226,1.7696279995741193,0.39666666666666667,0.83625,13.23390625,2.6925,8.5,0.45,-0.021681785650152535,0.0011250000000000001,0.0011
2016-12-31,2.2,4.766666666666667,-0.15632845649840021,0.6484842671101276,0.6327762778487234,0.7672537507204424,0.45,1.1291803278688524,14.097936507936508,2.501639344262295,1.5,0.41,-0.3501157641791937,0.0010249999999999999,0.0011250000000000001
2017-03-31,2.0,4.566666666666666,0.0026339294007193814,1.0317261440192738,0.7012759205097474,0.7016474394982986,0.7000000000000001,1.202258064516129,11.691935483870967,2.2158064516129032,1.4,0.34,-0.17723960844760225,0.0008500000000000001,0.0010249999999999999
2017-06-30,2.3,4.366666666666667,1.465174018440063,1.0847696466607104,0.11531032594547241,2.2081740350435197,0.9500000000000001,0.9633333333333334,11.426349206349206,2.231904761904762,-2.8,0.37,-0.12923239864767047,0.000925,0.0008500000000000001
2017-09-30,3.2,4.333333333333333,-0.3051468361251253,0.6967192743150719,0.4769045852770937,1.5289814703289828,1.1533333333333333,0.8787301587301587,10.944285714285714,2.0917460317460317,-3.9,0.34,-0.15501723059281966,0.0008500000000000001,0.000925
2017-12-31,4.6,4.166666666666667,1.379254025379506,0.6181402877238895,0.7923830151004729,0.8228857245977217,1.2033333333333334,0.6770967741935483,10.307936507936507,1.8983606557377048,-8.5,0.36,-0.1743524402609871,0.0009,0.0008500000000000001
2018-03-31,3.3,4.033333333333333,0.5326269640315573,1.0435548758893631,0.8391113087693469,1.3908978855147858,1.4466666666666665,0.5980327868852459,17.354754098360658,1.7085245901639343,-10.0,0.3,-0.24522965466197214,0.00075,0.0009
2018-06-30,2.1,3.9333333333333336,1.1576024864932144,0.8932243260028727,0.5429339431240798,1.817724444239488,1.7366666666666666,0.44359375,15.3375,1.8565625000000001,-11.3,0.27,-0.14761586496828732,0.000675,0.00075
2018-09-30,2.5,3.766666666666667,0.8266558580679373,1.0490480386970091,0.4010367024059214,1.2166850617759906,1.9233333333333331,0.25793650793650796,12.856825396825396,1.8861904761904762,-15.9,0.26,-0.12938999092712208,0.00065,0.000675
2018-12-31,0.6,3.8333333333333335,0.20832372100541008,0.9481677807380962,0.406294010101238,0.3344365731458687,2.22,0.23836065573770493,21.053650793650796,2.0975409836065575,-15.9,0.27,0.17062229694065068,0.000675,0.00065
2019-03-31,2.5,3.8666666666666667,-0.9762139341846776,1.2234005906087475,0.26661589010670284,1.1184877071784172,2.4033333333333333,0.1678688524590164,16.47,2.315409836065574,2.8,0.3,0.05568747218315893,0.00075,0.000675
2019-06-30,3.4,3.6333333333333333,-0.6528228119908164,-0.07396140838089593,0.732030749114454,1.658073886442324,2.3966666666666665,0.21095238095238095,15.183015873015872,2.261111111111111,-4.2,0.31,0.011885629776593068,0.000775,0.00075
2019-09-30,4.8,3.6,-0.07557311325108174,0.6722128850123354,0.3293332224809653,1.2701126173475963,2.19,0.11203125,15.96015625,2.2278125,-2.8,0.44,-0.13233484142188393,0.0011,0.000775
2019-12-31,2.8,3.6,-0.590225774061448,0.47942968404282027,0.6999040201002948,0.8829579663679255,1.6433333333333333,0.20080645161290323,13.98578125,2.1222580645161293,5.4,0.36,-0.21826492623623547,0.0009,0.0011
2020-03-31,-5.2,3.8333333333333335,-1.7360884136413013,0.5846919130480188,0.3598441936334851,1.1541390927139794,1.26,0.2835483870967742,31.22451612903226,2.5408064516129034,0.0,0.56,0.27079262140765076,0.0014000000000000002,0.0009
2020-06-30,-28.0,13.0,-13.43799419748013,9.503345984622058,-0.9806404617330067,1.0042982885292595,0.06,0.493968253968254,34.493650793650794,3.215079365079365,41.5,0.59,0.37479741222471885,0.001475,0.0014000000000000002
2020-09-30,34.9,8.799999999999999,9.051291436473452,-3.504655431776449,1.13661320584999,1.7514961178365596,0.09333333333333334,0.5096875,25.80890625,2.6665625,71.2,0.51,-0.1438619964300718,0.001275,0.001475
2020-12-31,4.6,6.766666666666667,1.8084817100302075,-2.056590121064872,0.718800742438841,2.165654225751368,0.09000000000000001,0.7148387096774194,25.62171875,2.4332258064516132,37.7,0.41,-0.38550119070658234,0.0010249999999999999,0.001275
2021-03-31,5.7,6.233333333333333,0.23884467605315152,11.578296355047257,1.0101057493312915,2.3934916034350273,0.08,1.2037704918032788,23.20245901639344,2.1511475409836067,5.5,0.29,-0.7767387102732682,0.000725,0.0010249999999999999
2021-06-30,7.0,5.933333333333334,1.661870318734504,-7.941126695746448,1.8065741147178294,5.403670089792456,0.07,1.4165625,18.0,1.9646031746031745,-15.1,0.21,-0.4929759288214119,0.000525,0.000725
2021-09-30,3.3,5.066666666666666,0.45659288342312365,-1.1521496415745958,1.5809311250206015,5.413227673007803,0.09000000000000001,1.0990625,18.28734375,1.91328125,-32.4,0.16,-0.5575040542998113,0.0004,0.000525
2021-12-31,7.0,4.166666666666667,0.8224720519453221,-1.1213963692611628,2.154418314872242,3.353780635907455,0.08,1.0016129032258065,19.27515625,1.7768852459016393,-18.2,0.12,-0.4738869743458,0.0003,0.0004
2022-03-31,-1.0,3.8666666666666667,0.2511893570974699,-3.023007547155565,2.1766279342535277,3.5767272436063813,0.12,0.48661290322580647,25.372903225806454,2.0141935483870967,-14.5,0.12,-0.4764976980755217,0.0003,0.0003
2022-06-30,0.6,3.6333333333333333,0.464817716257393,-0.5153250560878675,2.3243158536129904,6.248462101754981,0.77,0.2120967741935484,27.3984375,2.0875806451612906,-1.5,0.14,-0.12671569861940338,0.00035000000000000005,0.0003
2022-09-30,2.9,3.533333333333333,-0.05940047187964481,1.5821122194468629,1.3108481880422573,1.5326466042707487,2.19,-0.28109375,24.792727272727273,2.248125,24.2,0.16,3.952760098760097e-05,0.0004,0.00035000000000000005
2022-12-31,2.8,3.5666666666666664,-0.5405029394184524,1.0052944820472476,1.039973817182549,-1.0613002841715513,3.653333333333333,-0.5606557377049181,25.00265625,2.140327868852459,39.1,0.23,-0.04170456495275827,0.000575,0.0004
2023-03-31,2.9,3.533333333333333,0.06375988891509365,2.87745423990593,0.8965689218673134,0.582045587509672,4.516666666666667,-0.6964516129032258,20.6840625,1.9627419354838709,44.8,0.28,-0.11123933393907996,0.0007000000000000001,0.000575
2023-06-30,2.5,3.533333333333333,0.044369573127323036,1.0617131838797533,0.7169177134413118,2.8902322391806123,4.989999999999999,-0.6685714285714285,16.44125,2.091774193548387,46.0,0.31,0.18984871668211808,0.000775,0.0007000000000000001
2023-09-30,4.7,3.6333333333333333,0.15399917400280572,0.502727546955839,0.850477732641508,1.6418893658665112,5.260000000000001,-0.766984126984127,15.01323076923077,1.8241269841269843,50.8,0.39,0.04723310797082664,0.0009750000000000001,0.000775
2023-12-31,3.4,3.8000000000000003,-0.2749119893547203,0.8495297021497095,0.7183545928922008,0.04620929813290431,5.33,-0.36080645161290326,15.28625,1.749516129032258,33.9,0.42,-0.0071993777093227,0.00105,0.0009750000000000001
2024-03-31,0.8,3.8333333333333335,-0.6549608751896585,1.0253453590895134,0.9070930712657521,1.4174440877582128,5.33,-0.3259016393442623,13.712539682539683,1.5749180327868855,14.5,0.44,-0.07520357152667517,0.0011,0.00105
2024-06-30,3.6,3.9666666666666663,0.676320743853065,0.5938165517546778,0.665724808016499,2.345352117780397,5.33,-0.3774603174603175,13.980307692307692,1.4803174603174605,15.6,0.48,-0.09834429316861948,0.0012,0.0011
2024-09-30,3.3,4.166666666666667,-0.5929457237361824,0.30648051140573784,0.3317383682787778,1.010787791186818,5.263333333333333,-0.0859375,17.066666666666666,1.67140625,7.9,0.55,-0.05035215667461024,0.0013750000000000001,0.0012
2024-12-31,1.9,4.133333333333333,-0.3756693632577246,0.49402792344448443,0.782192912016999,0.5490537149787755,4.6499999999999995,0.13,17.363230769230768,1.459032258064516,0.0,0.52,-0.327842576023847,0.0013,0.0013750000000000001
2025-03-31,-0.6,4.133333333333334,1.036141861938944,0.5581278134112466,0.9078832376236967,0.7375598058998456,4.33,0.3049180327868853,18.52111111111111,1.5249180327868852,6.2,0.55,-0.17233900503573463,0.0013750000000000001,0.0013
2025-06-30,3.8,4.2,0.45148756164197223,0.45688289414993477,0.40941715326630046,1.4818496135553971,4.33,0.5,23.56140625,1.8451612903225807,18.5,0.58,-0.14606074333838112,0.00145,0.0013750000000000001
2025-09-30,4.4,4.333333333333333,0.5305235235928407,0.2521049315502566,0.7606417835554602,0.5724472734504715,4.293333333333333,0.5403125,15.983030303030304,1.716875,9.5,0.56,-0.22354597454955707,0.0014000000000000002,0.00145
2025-12-31,0.5,4.45,-0.46390582160000804,-0.22436998867281233,0.7127231603106132,0.5734244812677147,3.8966666666666665,0.5775806451612904,17.74523076923077,1.728225806451613,6.5,0.56,-0.22890922298397873,0.0014000000000000002,0.0014000000000000002
2026-03-31,1.6,4.333333333333333,0.527420525554323,0.2020478805615511,0.7853248600749652,0.6725788685923995,3.64,0.6172131147540983,20.42904761904762,1.7167213114754099,5.3,0.59,-0.26807606504702197,0.001475,0.0014000000000000002
