time,activity,labour_market_stress,financial_conditions,true_stress_probability,stress_regime,charge_off_rate,oracle_alpha,oracle_utility
2000-01-01,0.0,0.0,0.0,0.14804719803168948,0,0.00931701290145018,0.4961566254142637,1.201851335905885
2000-04-01,0.17677047735491663,-0.05881806108422791,0.5921339210775284,0.189568216430223,1,0.02076664230128206,0.3923154703902626,1.1146869847665934
2000-07-01,0.591093603148265,0.9396858060134632,1.0795047078800115,0.3912290140910319,0,0.010680771731570156,0.47577266223534675,1.1870701391031018
2000-10-01,0.4367841454382422,0.8377023234983211,0.9922396700078913,0.38176920382333895,1,0.01692647328035057,0.4144255857427166,1.137065156833681
2001-01-01,0.19518505423738264,0.046005359332087714,0.3557056017711643,0.1722374281353561,0,0.005587247670520155,0.5731804881708655,1.2545652306122301
2001-04-01,-0.34927100206889794,-0.15964135073285177,0.0262025011332494,0.17044075016671614,0,-0.0031086826613911153,0.9999999700466811,1.531086810706098
2001-07-01,0.04322868258238899,-0.11885906796166336,-0.6288764711968216,0.0806012700405608,0,0.003798093680371744,0.6264056994443205,1.289411374438077
2001-10-01,-0.24543912928969253,0.23476756267277543,-0.14934609836884416,0.1907272297316529,0,0.011273875564015073,0.4679036538391726,1.1812009512262782
2002-01-01,-0.35460331297338443,-0.12753333334839906,-0.7327487298606038,0.10041876476311577,0,0.008422922505506029,0.5114954652073572,1.2126648659500854
2002-04-01,-7.924620743846034e-05,-0.45701360514556977,-0.45810742233460194,0.0708643753213538,0,0.007145437114435125,0.5365849273193173,1.2299511251125195
2002-07-01,-0.2993164263055633,-0.4183991024661693,-0.2738991959485343,0.10660727586810687,0,0.010336407095010325,0.48060540617604125,1.190625371785037
2002-10-01,-0.8481250133169213,0.6647261304357628,0.5884908848657787,0.5256308482931034,1,0.015987424582476536,0.4212150478008648,1.1432660844494695
2003-01-01,-0.7395998747429711,-0.15005851348053312,0.2606162419761511,0.26069259575344506,0,0.011214445787294773,0.468667268778826,1.1817751976094164
2003-04-01,-0.1420142633981608,0.24761717610003448,0.22758890250667174,0.23136832067538304,0,0.00996157944191734,0.48609991101876676,1.1946267267061594
2003-07-01,-0.7175632812413348,0.203386509570401,0.32433646189828574,0.3382353477482263,0,0.012491141901495226,0.45338201106872916,1.1700584151759168
2003-10-01,-0.41582849573271774,-0.09146500297543281,-0.0237571710076509,0.18188457851273526,0,0.007606943552406269,0.5270575439296225,1.2234358021093859
2004-01-01,-0.7454987342644448,-0.11507262238728207,-0.1531972905240188,0.20491353434534243,0,0.00990208948627461,0.4869952367795002,1.195274914249949
2004-04-01,-0.8939023493773361,0.0764143166478936,0.1967568668333068,0.3207458995814431,0,0.004810066293039702,0.5944627082209842,1.2686373037576635
2004-07-01,-0.39625167646357506,0.560776686602128,0.7906997907496626,0.448099269965654,1,0.005827568653948975,0.5670464844642246,1.2504782190501555
2004-10-01,0.07875179156778317,0.46972817233636643,0.593895496575019,0.2961110421483133,1,0.026207125029726754,0.37153954324264865,1.0883999389888477
2005-01-01,-0.36701186467737784,0.6817100546532364,1.5017004073718716,0.6191707529043022,1,0.01871394236805349,0.40312971350111865,1.126123394497461
2005-04-01,0.3905478994905226,0.015882332133947186,0.6487061584617013,0.18012848098332512,0,0.009480498376621993,0.4935301995898286,1.1999759772346614
2005-07-01,-0.2969304010634176,-0.04719868957435495,0.6137911039100737,0.26488611072038354,1,0.024954465997665924,0.3755173575651217,1.094050327473639
2005-10-01,-0.03918473865407479,-0.33816712020099976,0.6248761823591774,0.18141248052283782,1,0.015367295151658592,0.426072127359521,1.1475603023094723
2006-01-01,0.6207143039033938,0.229810793179036,0.4783921675928116,0.16075063547822818,0,0.006146128148846086,0.559207471413512,1.2452341278957597
2006-04-01,0.6222557905506279,-0.2321937877004534,-0.12422858014877675,0.06881118164956666,0,0.012131174874624399,0.45746365833772906,1.1732361127880604
2006-07-01,0.3665252204605588,0.026860146562461523,0.29060149106374755,0.14319315797801174,1,0.01819839794335743,0.4061888134478324,1.129174550051278
2006-10-01,0.08868695303061844,0.1325593593931995,0.6221267242441506,0.23673845286844655,1,0.017493239881070665,0.4106277216650641,1.1334817684634872
2007-01-01,0.472309262324108,0.06960403226233852,0.23081372236742104,0.13134171538546835,0,0.005195973282380151,0.5836028733701091,1.2614775873095407
2007-04-01,0.7027503854204341,-0.26143119228435663,-0.5422132808289923,0.04493429836973581,0,0.01358563392935979,0.44195432196402656,1.1609348646649966
2007-07-01,0.35596514586850936,-0.4529461950452454,-0.48058870128419073,0.052581844493455536,0,0.005202053180230185,0.5834365739987504,1.2613676061470471
2007-10-01,0.1366911320786286,0.0026392221297512064,-0.21052255481509025,0.11479977150089958,0,-0.0014620105052835577,0.9999999700466811,1.5146200896382553
2008-01-01,0.9128494952742938,0.5623135038521552,0.03125781752203749,0.12291022983937845,0,0.014050805318774683,0.4375062340058873,1.1572799678052736
2008-04-01,1.5260511598642412,-0.1648569490516666,-0.04464339007777162,0.037626122342536664,0,0.008966048541213729,0.5019766285347536,1.2059808460874026
2008-07-01,1.558029351975279,-0.9181081845730358,-0.046755593042341295,0.018230331069267133,0,0.005805945992986239,0.5675904394551157,1.2508412253514405
2008-10-01,1.2359510177572954,-0.6030364876965819,-0.7469848224777079,0.017838790571158024,0,0.004540045508455312,0.6024467575764823,1.2738720218300554
2009-01-01,1.48630784145728,-0.4452829702691527,-0.4895348506448262,0.02078570315677755,0,0.01064587810512529,0.47625325759819637,1.1874252875235058
2009-04-01,1.448793694985583,-0.13373239960862204,0.49695453527032707,0.06379802137516623,0,0.003823669719049992,0.6255208708286442,1.2888425832901094
2009-07-01,1.392220297913034,0.5118677096565354,0.25477313686668807,0.09703993238080788,0,0.010922676982967151,0.4724956482486457,1.1846386507075466
2009-10-01,1.188943121192125,0.3281759227011246,0.43673664688613956,0.11129229356670729,0,0.008377220200041875,0.512326019270914,1.2132443308590235
2010-01-01,0.3290623009649202,0.195045939349531,-0.22450241234614093,0.11555268602436511,0,0.00712766408704687,0.5369629322697168,1.230208552050716
2010-04-01,0.572942325065313,-0.3547241444535215,-0.5368379665503085,0.04607558735059188,1,0.011640677263706796,0.4633077586707557,1.1777217184108018
2010-07-01,-0.39345909366606296,-0.022724398169832627,-0.10571363303838077,0.1784323806282788,1,0.015062112628357162,0.4285809969012129,1.1497371459936099
2010-10-01,-0.3818250397764433,0.8275257619887018,0.7147934224535264,0.4920694568362332,1,0.019236804757164345,0.40017655867639934,1.1231070960616816
2011-01-01,0.2873385910772047,0.8366675435756259,0.09189897074750508,0.24577217087059575,0,0.002465560105172297,0.6825678343707844,1.3244547969704077
2011-04-01,0.16417564868489903,1.3401090331084693,0.15250359811698588,0.3806435312932377,0,-0.0007120855326868782,0.9999999700466811,1.507120840136916
2011-07-01,0.25434439754577937,0.2997046997221009,-0.03830855383248977,0.15264101949893263,0,0.008680648516148394,0.5068987581911958,1.2094472795642992
2011-10-01,-1.7076978766568125,0.5608619702075078,-0.054913627374787666,0.5467841173021937,0,0.00875120097788202,0.5056657797124764,1.2085810611972252
2012-01-01,-0.2206012302503506,0.18433069990574252,0.4190928874997743,0.26286202046387186,1,0.020481686142678614,0.393697665857709,1.116212912656827
2012-04-01,0.3399340271236862,0.12518479342511848,0.0148491837449794,0.12927361734487613,0,0.0078124591523957634,0.5229880677844427,1.220635804724658
2012-07-01,-0.08946583055179591,-0.1090665741998479,-0.33170395185456925,0.11309440338040487,0,0.0047537304109823,0.5961007694877594,1.2697133611846407
2012-10-01,0.5658897372292289,0.4752363266708335,-0.3379013535648855,0.1123710048883775,0,0.009407427358419207,0.4946975724052025,1.2008104714347185
2013-01-01,0.4551412546995245,-0.47792988563772604,0.010500281490463559,0.07030731625893974,0,0.0059086558676309285,0.5650202294052503,1.2491250137645702
2013-04-01,0.023403798431176237,-0.22386486671780845,-0.4217235520272168,0.08778141200875135,0,0.004054123044576252,0.6177565872192577,1.283833681447785
2013-07-01,0.9432334330828137,-0.31690580794636836,-0.6249814177425573,0.03279789495024795,0,0.004790056488527321,0.5950429163022145,1.2690185663292508
2013-10-01,0.14204782219339118,0.22902176112567124,0.7252019899283403,0.26177790176822896,1,0.017636083659604836,0.4097036727690035,1.1325961538984866
2014-01-01,0.04905696982205703,-0.29801389612808576,-0.013114133285389906,0.11046907664362116,0,-0.0011868995445908166,0.9999999700466811,1.511868980113733
2014-04-01,0.20024873911626986,-0.05263478289049689,-0.23100284134345284,0.10279322689723672,0,0.008199110038042355,0.5156081696150389,1.2155288036156464
2014-07-01,0.2869040032438327,0.5385142648350925,-0.12548603552799156,0.16953266402450876,0,-0.0009522637960196114,0.9999999700466811,1.509522622698302
2014-10-01,0.4774816535096205,-0.6422296829600975,-0.23169209543388966,0.049129608677929544,0,0.0056454199790435125,0.5716776868274602,1.253565237065839
2015-01-01,0.3630485345550156,-0.5328202539235304,-0.09669631306403481,0.06617647969829846,0,0.004278764562352412,0.6105149590198836,1.2791349817955386
2015-04-01,-0.23963127796994504,0.18703793106572647,0.1942081876224815,0.23084421880903738,1,0.033444837435037095,0.35491766564803123,1.058757196519803
2015-07-01,-0.9614338560722597,0.018651000299944404,0.7739598041619322,0.4360528872108016,0,0.007733957879821805,0.524530221377483,1.221698164300471
2015-10-01,-0.264423491225787,0.7491592827114244,0.7286881620397975,0.4516134575584666,1,0.01820682450890688,0.40613758087069307,1.1291240338214996
2016-01-01,-1.5333501461573489,1.147971595326223,0.6614300896704866,0.7696145831036834,1,0.010997839548399752,0.4714966274894229,1.1838938711773086
2016-04-01,-1.5405278967729328,1.0705758071508595,-0.17950039646509053,0.6044209836158205,0,0.009626185981251858,0.4912337041039958,1.1983297820923549
2016-07-01,-1.0849037174125737,0.5709354642411992,-0.5679671072272725,0.3168653228433367,1,0.01026178026769751,0.4816794846001079,1.191410851995813
2016-10-01,-0.8266494982067218,0.29572406454777944,-0.17701286542496952,0.2855958782079435,0,0.012358522237645603,0.4548660614385501,1.1712183073648892
2017-01-01,-1.3115750319212474,0.5173834065336989,0.5734659598239701,0.585113068509449,1,0.004605069338019395,0.6004928162498998,1.2725932975668166
2017-04-01,-0.15208933790472323,0.023026219811217608,-0.4306815826695721,0.12293465996174087,1,0.02583981161137085,0.37266411089693346,1.090036351249509
2017-07-01,0.7345893625292278,-0.2829082261599697,-0.5532127974165453,0.04255810767578048,0,0.011678257807762348,0.46284802958118915,1.177371428637955
2017-10-01,0.7244262286049663,0.13799741557759698,0.31452874384595625,0.12267754064146934,0,0.013166011058428413,0.4461693207522368,1.164341958266564
2018-01-01,0.7495634807480618,-0.3837785205626246,0.3453041339967368,0.07884023412799976,0,0.010860988552077625,0.4733223046613476,1.185253671006975
2018-04-01,-0.09204184092573509,-0.12919578283548588,-0.06768530472131146,0.13563438345560036,0,0.002145542070634836,0.7011652384162167,1.3355388240332213
2018-07-01,0.26853463780045794,-0.4125934034079255,-0.20176459986198841,0.0729848457957395,0,0.006945648383502672,0.5408828946714216,1.2328736233053228
2018-10-01,0.5520692490601121,-0.20922410813344305,0.2194756806541465,0.09696007801764411,0,0.007945967806024001,0.5203996327265964,1.2188490290841756
2019-01-01,-0.7714768984678968,-0.8923850469479271,-0.17869339305205695,0.10969114224029348,0,-0.001500391269452362,0.9999999700466811,1.5150038972684472
2019-04-01,0.04815673877421245,-0.4277860957983561,-0.7504339799474575,0.05545146693955434,0,0.008071314770407251,0.5180082438289776,1.2171940460183934
2019-07-01,0.0801175041925975,-1.027549459689379,-0.6423701299878495,0.034214690111267924,0,0.015646565669113432,0.4238458618786586,1.1456056098246652
2019-10-01,0.8944029065645025,-0.3030557823351583,-1.101918028028063,0.023321638028254946,0,0.008787731896363324,0.5050315719754253,1.2081349654505231
2020-01-01,1.2632068729604025,-0.16312312571069723,-0.6813720841186577,0.027710045048774487,0,0.012288334942055376,0.4556607094460121,1.1718372405469344
2020-04-01,1.5894596594444432,0.04033522682473567,-1.2061133779159938,0.016497381705081107,1,0.012547535262855108,0.45275778745873557,1.1695689506926603
2020-07-01,1.231652452949042,-0.4244201270767978,-2.3637464603738643,0.005435852713171093,0,0.00579248303926795,0.5679299248094397,1.2510677178352059
2020-10-01,0.535176928048452,-2.1049236009169485,-2.105168385622653,0.0024875385908385327,0,0.007701339838340098,0.525175445886688,1.2221421771080923
2021-01-01,1.1683501425505196,-2.2586288001386916,-1.997423035183445,0.0013768151284331961,0,0.0026735280784653836,0.6719721187826655,1.3180206961162195
2021-04-01,0.8034355152858434,-1.085220096299452,-0.8035175626284228,0.01556766424864501,0,0.0020521442136155685,0.7072657006527465,1.3391187381755403
2021-07-01,0.2873658176857368,-0.519592182064635,-0.6375080823082497,0.04609958251359773,0,0.011418479140111336,0.46606798093607515,1.1798161152861137
2021-10-01,0.8529278621647647,-0.3107662615920632,-0.19582332948470926,0.050370488561067545,0,0.011863837840039377,0.4606072833407465,1.1756579404954164
2022-01-01,0.7690676443192666,-0.20673987582344144,-0.4885608141992324,0.04673555750557967,0,0.0019373534745331289,0.7152843832526893,1.3437846047746058
2022-04-01,0.05888008426537272,-0.1883190371211738,-0.4906700394687056,0.08347664249026436,0,0.010165594979126232,0.48307827809582693,1.1924313578645547
2022-07-01,-0.08369889456022675,-0.06336529913328372,-0.2519362871802121,0.12420497835787526,0,0.005734768102454713,0.5693920446264377,1.2520427089600672
2022-10-01,0.12935666136973484,-0.32192885294838663,-0.570293275126265,0.06595605156196278,0,0.007527196012859809,0.5286649018691294,1.2245388075196824
2023-01-01,-1.3015494657922775,0.21457355477531642,-0.056513409094159806,0.38039441475541563,0,0.008032918285627267,0.5187368275722458,1.2176987083097892
2023-04-01,-0.4444727614753694,-0.3876499232455058,0.3313535388919798,0.1886486238008428,0,0.010276271966122137,0.4814701601374647,1.19125789658626
2023-07-01,-0.4331808375428838,0.4130692097948398,-0.21816057381907283,0.2359853880457719,1,0.013661585227006638,0.44121231239941183,1.1603295601092136
2023-10-01,-0.7639605588426366,0.9657102936226023,-0.11550240405443876,0.4301140640997337,1,0.011164558700727242,0.469312448440951,1.1822595604244652
2024-01-01,-0.5540147393956469,0.504781475208665,-0.18911445405151422,0.27681966415031795,0,0.007399533926991684,0.5312715189638769,1.2263241431917624
2024-04-01,-0.2696660899736413,0.35286431616374636,-0.18642038577529202,0.20684973993901162,1,0.0174343925454947,0.41101219938376166,1.1338486194414445
2024-07-01,-0.5417186513204277,1.0447372073298542,-1.0162052424733434,0.23851954379856222,0,0.0026002971155435653,0.6755916820280474,1.320228449993396
2024-10-01,-0.4358496108713886,0.47339962022348314,-0.6504209683821519,0.1850265791113269,0,0.015166367844960303,0.42771479437692345,1.148988598145942
2025-01-01,0.4123079743480279,0.18586261890001574,0.08322991589585277,0.13550384258986198,1,0.015183554547911718,0.42757291706637207,1.1488656914383162
2025-04-01,0.08923449240582293,0.5845753094241601,1.3704843388209995,0.4736267278164391,0,0.009094589186449417,0.4998157842887454,1.2044516998742811
2025-07-01,0.2500598884985336,0.791842439543327,0.6998888371528542,0.35082949260391794,1,0.014933769970816592,0.42966060856452964,1.1506657773440272
2025-10-01,-0.2738154130333103,0.2120182467778451,0.17575026630046542,0.23749692990950297,0,0.0026446515030677763,0.6733858792283763,1.3188842236596485
2026-01-01,-1.3915740245640293,0.571784237340763,0.5390330925153983,0.6068787846476993,1,0.020134512561456482,0.39543063610747425,1.1180972869548305
2026-04-01,-2.0739916686608506,0.8438178271288235,1.183138618301785,0.8605886455886378,1,0.00890967157749375,0.5029352222192693,1.2066577345623595
2026-07-01,-1.5396292907295694,0.9290373229080305,0.7125612822147347,0.7401882939117541,1,0.002185434885966002,0.6986633131194062,1.3340628247793458
2026-10-01,-1.3236489898223947,0.9919785625783435,1.5551673723042623,0.8374496771846146,1,0.02464140213529751,0.3765770605911834,1.0954946624460353
2027-01-01,-1.5736723419113217,0.5106850955185709,0.9747584852512342,0.7112200803233756,1,0.016019613495772154,0.420971363865197,1.1430476965135132
2027-04-01,-2.1111843865274498,1.658238352350943,0.9188773335848975,0.9168942992348543,1,0.0028129445001759856,0.665376155013838,1.3139714155489748
2027-07-01,-1.2593889292451492,1.610938948598518,1.1306692146504993,0.8595963491897258,1,0.009517409368634636,0.49294447797175944,1.1995566950572285
2027-10-01,-1.8638087669955161,2.0563436243907316,1.247276066779433,0.9452125438980638,1,0.01947155775887785,0.3988971028229052,1.1217770716368003
2028-01-01,-1.0872198534738735,1.7156673431339104,0.5279100709528048,0.7777745704207923,0,0.011051609230084924,0.4707874481323121,1.1833641349942843
2028-04-01,-0.9252289277892307,0.676936868148948,0.5039522808911439,0.5269473766155247,1,0.010869188490561848,0.47321206422170925,1.1851717208905184
2028-07-01,-0.2178142807076191,0.8735441343262189,1.4580249300544008,0.6234764166849492,1,0.023685908464096878,0.3799875273586187,1.0999902657741618
2028-10-01,-0.6226806659056722,0.23684084153093943,1.3732209781493374,0.5427739920738954,1,0.00728317611922847,0.533683752957851,1.227972748831297
2029-01-01,0.416613518121533,-0.5683922497661531,0.5391359593356871,0.10103032685567848,0,0.009574125758409133,0.4920496292188698,1.1989153643142345
2029-04-01,0.38364941310011796,-1.1854263633997735,-0.6729186596338519,0.02243948852107243,0,0.00051031553902334,0.9641422533999341,1.4771509589625775
2029-07-01,0.17056461659614472,-0.8559101277789674,0.040379543346530045,0.06453886899035771,0,-0.0009057453195342051,0.9999999700466811,1.5090574379473818
2029-10-01,-0.35858059737796666,-0.3273392943863688,0.2999936236560071,0.1822489647670915,0,0.009559627893583928,0.49227778436117714,1.1990789677928806
2030-01-01,-0.053440754537592366,0.0237883752790696,0.5168997332829208,0.22398172111018574,1,0.020405294898611943,0.3940743050341802,1.11662512845521
2030-04-01,-0.2486809865179605,-0.3487884449224834,0.4023738484053567,0.17829346975428803,0,0.004452650745734811,0.6051058678632675,1.275609682993735
2030-07-01,0.11443319154106246,-1.0712115820797672,0.20057972054184453,0.06330304048475377,0,-0.001698603688148696,0.9999999700466811,1.5169860213960393
2030-10-01,0.7062572828582544,-1.0293321722972781,0.024050325778848525,0.03530656383325051,0,0.0032482868797216757,0.6467855526391755,1.302383326073274
2031-01-01,0.12120951929160761,-0.9053653955907337,0.46651042770468454,0.0897581621511684,0,0.006068217354149167,0.5610949035874392,1.24649899348098
2031-04-01,-0.58279059861125,-0.5498387194181344,0.3948823254962527,0.19134027983884794,0,0.010007587002016148,0.485411943115542,1.194127949032306
2031-07-01,-1.0773891755666458,1.1988025085311889,0.7426762010996557,0.7182743660249424,1,0.01574115750998754,0.4231064214838643,1.1449513625012853
2031-10-01,-1.4110282524136901,1.5632538019632354,1.4621978030502598,0.8981954831612616,0,0.013060979704976486,0.44725581566851313,1.165211916520465
2032-01-01,-1.0414360770730968,2.348004475480624,1.9731239862701222,0.9544784969299527,1,0.018019476069030368,0.4072864445229164,1.1302523388582466
2032-04-01,-0.13282360931143133,1.2627371819045483,1.428959182868367,0.6850581477565386,0,0.003231014433342267,0.6474749409704229,1.3028174616901826
2032-07-01,-0.3814463616639354,1.6986533728393443,0.9697340685505873,0.7334551776610316,1,0.008878855900895034,0.5034620224571785,1.2070293437388846
2032-10-01,0.5245385246797359,0.6492292681081078,-0.09034611806396309,0.16031527597154102,0,0.0069881326399284524,0.5399599280375107,1.232246848045032
2033-01-01,-0.07116471474607261,0.5032278988111941,-0.014685304092112553,0.2272462860788548,1,0.014112280841198517,0.4369352776321325,1.1568061053423493
2033-04-01,-0.5208607546777984,0.44477205943844256,0.3794635073513073,0.36304067462827283,0,0.005448440849041508,0.5768141845066023,1.2569797126015778
2033-07-01,-0.12025869639713638,0.07118387226739809,0.16646673034199738,0.1917531411533109,0,0.01178290902567665,0.4615784446098613,1.1764018540944174
2033-10-01,-0.3417215366251243,0.22744648933711387,0.6679106615631347,0.33721309538065486,1,0.010790722383773724,0.47427139179562994,1.1859583866634889
2034-01-01,-0.24495539107632183,-0.12056143149980067,0.6163752747404221,0.24371803858000046,0,0.0026694686470649254,0.6721698286855214,1.3181415515109707
2034-04-01,1.2082344208319578,-0.14263090355987906,-0.23966933766558784,0.04244323153276898,0,0.005921777997667746,0.5646943309615043,1.2489072208357967
2034-07-01,2.0500965250180867,-1.2205848260043308,-0.7317439002266638,0.005096356869893002,0,0.006478658676203807,0.551360021252669,1.2399592767723293
2034-10-01,1.614521705870997,-1.5172134354556195,-0.6580135997697716,0.005922786965229921,0,0.001957791535830291,0.7138109756080118,1.3429305569417247
2035-01-01,0.7164567128188944,-1.187467703144001,0.11482682811816891,0.03262587209292719,0,0.0058661227788700246,0.5660803972551343,1.2498332274974657
2035-04-01,0.9442688191233486,-0.5743969024163265,0.08253684549970972,0.04617026366304067,0,0.006122356013897143,0.5597813628555709,1.245618873494322
2035-07-01,1.7089546796033692,-0.7919296315494773,-0.39888060427448646,0.013466487008083448,0,0.01088887981153429,0.4729477854935568,1.184975176813072
2035-10-01,0.592849160603717,-0.05887669103055426,-0.9434492503173504,0.04262368285055449,0,0.011171185118907044,0.4692265371305503,1.1821951034753844
2036-01-01,0.6745227604106951,-0.0949985232912672,-0.11806178806467504,0.07488631540065042,0,0.004717320526892167,0.5971670358444492,1.2704132347605008
2036-04-01,1.1531202648917682,-0.32196303720765823,0.5943677397017262,0.073726685428826,0,0.0052013967957845915,0.5834545073510454,1.2613794696253047
2036-07-01,1.4390888844683616,-0.03889537512052227,0.05348676168006983,0.04904575034607426,0,0.00889002766863367,0.5032707997436296,1.2068944865264521
2036-10-01,1.2464012846111234,-0.2881989457937235,-0.4275645654301744,0.030868622417710056,0,0.0036422085145065525,0.6319082227794621,1.2929386962957905
2037-01-01,0.6015599712563904,-0.6505888122371025,-0.0800275721718871,0.04985912266598687,0,0.008572288637297091,0.5088135721776917,1.2107898180560321
2037-04-01,1.0630781361177588,-0.8663570250865885,0.39761659191489307,0.04153958294146675,0,0.0057307927530492984,0.5694931677554018,1.2521101106908634
2037-07-01,0.5426751770377819,-0.9624103642143084,-0.24325124336797785,0.03447867061554955,0,0.002028525973497794,0.7088661255593757,1.3400535293053886
2037-10-01,0.19883614822498658,-1.4662838406759375,-0.046489626983884036,0.033846191633022576,0,0.002081285805905485,0.705324048471451,1.3379822149292513
2038-01-01,-0.6348881441690477,-0.3725105738110991,0.5786138981968074,0.25494536022297987,0,0.01217764652333063,0.4569271138712824,1.17282058813914
2038-04-01,-0.6547319903097897,0.16097177400518914,1.1137003783852135,0.47653991326473366,1,0.00964843279293794,0.49088661546386686,1.1980804425493745
2038-07-01,-0.5782361068493128,0.49815513709658643,0.536550941850701,0.41843927220102545,1,0.00798404457264002,0.5196692601594123,1.21834400471827
2038-10-01,1.0036114947725279,0.3936082654688173,0.2556731805055623,0.11796750267080268,0,0.003942727704997378,0.6214642921929241,1.2862295012715057
2039-01-01,0.8348087058373396,-0.5226885983033134,0.5226802758717233,0.07503068964521385,0,0.007323061844752273,0.5328529111470061,1.2274053073486448
2039-04-01,0.5302813773168269,0.0034907295226128676,1.062440734220931,0.21511771628542248,0,0.016149242236676613,0.4199981924350302,1.142172570731519
2039-07-01,0.6156983078094681,-0.10011058897169717,0.70163508525453,0.1452864840215604,0,0.001658975672414228,0.7377393588644654,1.3566307629428467
2039-10-01,0.22172089793169114,-0.13070623878106086,1.0220681483699472,0.23256647521821774,0,-0.0018708208995790608,0.9999999700466811,1.518708193458758
2040-01-01,0.3122089995794015,-1.2848608600756817,0.8104151470610546,0.07261868327960457,0,0.011503678551406379,0.465001035284971,1.1790082932825907
2040-04-01,-0.3428685731020477,-0.9182208537579623,0.0670209238749,0.09330742671412635,1,0.007093665682841796,0.5376883509766237,1.2307023614544452
2040-07-01,-0.4155715983051747,-0.36821534604442246,0.14672897841188343,0.1649500161281986,0,0.006013033270753819,0.5624433007858228,1.2474017475875339
2040-10-01,-0.06826287778721912,-0.26603301505848603,-0.5337832045120044,0.08329298068017599,1,0.01832642720748931,0.4054149579884115,1.1284094018301862
2041-01-01,-0.7151553758713874,-0.20778487749813668,-0.40910306241482075,0.15613768052973714,1,0.016527966497754194,0.4172278847345086,1.1396546573590463
2041-04-01,-0.5495291954367308,-0.19824521927210562,-0.6019213129421834,0.12101362460056497,0,0.0021077479298198835,0.703591448801375,1.3369657902041867
2041-07-01,-0.06500607502265399,0.4145638730293915,0.4141777040424103,0.2791145235710739,0,0.005344251630890115,0.5795870713286255,1.2588189441524045
2041-10-01,1.0981246290881086,-0.7200478189263944,0.34024093850252807,0.04401353456965649,0,0.007989224371537445,0.5195701720795591,1.2182754592247604
2042-01-01,0.9452827136630997,0.3556843653725702,0.35886193944476175,0.12891823164550661,1,0.010805691079931231,0.4740685357311541,1.1858078863873152
2042-04-01,1.8193229364050152,-1.5899888707802026,-0.1707867714727575,0.00701905640794496,0,0.0031596470754872673,0.6503611625288692,1.3046314638124863
2042-07-01,1.4866455817770359,-1.1883262400961863,0.06843136456078242,0.016554699290876138,0,0.004640992098886167,0.5994220712961659,1.2718919046802482
2042-10-01,1.9320360777137817,-1.4854937142059073,-0.6136671981109836,0.004844442883487611,0,9.897517624963226e-05,0.9999999700466811,1.4990102332904907
2043-01-01,1.3162647537542196,-1.4166117831201195,-0.8680972385644208,0.007016225787202001,0,0.004325243872245266,0.6090531411589655,1.2781835369127874
2043-04-01,1.0216639643534753,-1.162884394143822,-0.16517228703889697,0.020561662420103398,0,0.006598945467592188,0.5486020636562077,1.2380990808133454
2043-07-01,0.6627949573980202,0.07005445038124813,0.43670630222672313,0.13289236173486857,0,0.004421894445328601,0.6060509211099001,1.2762265285385286
2043-10-01,-0.11325231413305731,0.09861390245865043,1.1513104918280341,0.3586016832987991,1,0.002848185103801958,0.6637649377592416,1.3129772147981018
2044-01-01,-0.5059900048879591,-0.12797822299007577,0.23601994647746927,0.22428443750767468,1,0.009352876908123376,0.4955759397491715,1.2014373622435701
2044-04-01,-1.0293239667314822,0.04407598813726907,-0.2945304500742045,0.2528341725979091,0,0.003345877457784282,0.6429538181602827,1.2999644622143531
2044-07-01,-0.30578874817210233,-0.4147150850762465,-0.29052116104757064,0.10611991718283272,0,0.009002462776640885,0.5013609874750015,1.2055456574634646
2044-10-01,0.24024108491221036,-0.7541659427363647,-1.1417778700839585,0.0255515470397458,0,0.012131108124167459,0.4574644310846502,1.1732367107778388
2045-01-01,0.7685595945394401,0.20069512642099985,0.10319228137200653,0.10669994913107203,0,0.004149602352779117,0.6146417854477954,1.2818157027337924
2045-04-01,1.526971355156251,-0.5069768316394865,-0.25466295160120833,0.023066952606744018,0,0.00813783257220637,0.5167542460821457,1.2163245276851407
2045-07-01,1.4064769700050264,-0.44364928581875446,-0.30810596881734775,0.025859882548756805,0,0.005093607947174483,0.5864245035077267,1.2633420866390153
2045-10-01,1.341706523735065,-0.4900212143625862,0.22409027774401247,0.0404850951957523,0,0.0076350468491617205,0.5264948814378339,1.2230493098627
2046-01-01,0.6005433911387039,-0.35946897201660766,0.30616335863567595,0.0877262810536034,0,0.012676274031053668,0.45134782203654916,1.1684598242637292
2046-04-01,-0.3725144232306672,-0.27461380002612934,-0.3784250966791489,0.11754286057765881,0,0.008236370080676016,0.5149155420980016,1.2150474213988902
2046-07-01,0.24330765957515027,0.07185956624405868,-0.3887348794091672,0.09805990205470626,0,-0.0013483410630006582,0.9999999700466811,1.5134833952494742
2046-10-01,1.0248638649839958,-0.3559498955550248,-0.48061153832026254,0.0333168825380933,0,0.008006781652077228,0.5192347669527902,1.218043389424813
2047-01-01,0.766900476152391,0.028122349612781927,-0.46156686814560677,0.05910694733771982,0,0.01127802772189784,0.4678505136274746,1.1811609461897892
2047-04-01,0.007250722900374651,0.2660834991349636,-0.2650716941613135,0.1507546142008096,0,0.005169296086007969,0.5843342661905029,1.2619611647438624
2047-07-01,0.04262164661608639,-0.1782631736676693,-0.527848493161996,0.08284921416444581,0,0.010281666185694897,0.4813923181175945,1.1912010078663677
2047-10-01,0.6338107428196781,-0.7914111416301682,-0.8602026765255388,0.022494084257678845,0,0.0032015147271618276,0.648660469419782,1.3035632742521397
2048-01-01,1.0108025429752863,-0.5365516595830074,-1.4196381919484644,0.013052995442400857,0,-0.0001392644699935491,0.9999999700466811,1.5013926296815616
2048-04-01,-0.08335094123086062,-0.09633282260496268,-1.0226297308896894,0.06661405696149884,1,0.014416142015313759,0.4341687573295182,1.154493994022013
2048-07-01,0.8343205204284347,0.5390158822652344,-0.09278547031689244,0.11650257473894382,0,-0.0012772022271345185,0.9999999700466811,1.5127720069121213
2048-10-01,1.0569366654286296,0.08369008529595878,0.34417054087590915,0.09310104539070603,0,0.005092961745846915,0.5864424625634095,1.2633539410019479
2049-01-01,0.5312320195445575,1.150337990410015,1.1541827611629798,0.46812558917615693,0,0.011504737503111113,0.4649878517910651,1.1789982941256152
2049-04-01,-0.23712891132038216,1.290645630114563,0.2659788613763445,0.4759572951678108,1,0.017978185256315303,0.4075424581032911,1.1305024909356947
2049-07-01,-0.8438828507898137,1.4656485354948043,-0.4659268280913805,0.49090818425509203,1,0.01916485902169044,0.4005743346461641,1.1235176608110702
2049-10-01,0.0038391059342942624,0.78408495999862,-0.5862851786981412,0.18142466563637288,1,0.008061807630787909,0.5181883129183379,1.2173188115064673
2050-01-01,-0.23346132831487043,1.3756645114171009,-0.4599267405202293,0.34623860130958745,0,0.005834056589213968,0.5668835609353695,1.250369472727764
2050-04-01,-0.36278982231707796,0.7601803532724724,0.4901398638632396,0.42486375215562666,0,0.004563989500285921,0.6017248522997314,1.273399767070295
2050-07-01,0.08147732294397886,0.2516518459069179,0.5189764996149189,0.24249364072378954,1,0.015459147835669913,0.4253326968752795,1.1469135380342486
2050-10-01,-0.25523723424109684,1.035646365445497,0.18437332283213007,0.40312356698562024,0,0.01010826298218513,0.48391985018766487,1.193044034013867
2051-01-01,-0.12113176426872074,0.9721026648397949,0.8303109981109976,0.49555608692403497,0,0.008180146373488111,0.5159619106426275,1.215774515799301
2051-04-01,0.31170360967111516,0.5051650947791173,-0.14081769239996722,0.160469856591872,0,0.006711647320244317,0.5460557617470505,1.2363785439731896
2051-07-01,0.44694099094238904,-0.2656145435268721,-0.6974004552398337,0.048567043231993796,1,0.012858500589333436,0.44938718779698617,1.1669091397072286
2051-10-01,0.15335760325764317,-0.46819513440903765,-1.302619267874618,0.03129912529317626,0,0.0024796741076838257,0.6818163850063038,1.3240013681422047
2052-01-01,0.1507944337111738,-0.27566925171197787,-1.1739045456693296,0.04157150820984431,0,0.009700283484937771,0.49008131898861074,1.197501382245688
2052-04-01,0.2290910109137839,0.028696204701655348,-0.6054560804067262,0.08075716528068036,0,0.0014294141316913561,0.7606611063191518,1.3694575498663448
2052-07-01,0.2960420107374143,1.334351826726086,-0.10514849502224394,0.3050471398682794,0,0.00960858337438937,0.4915089972025459,1.1985274468124412
2052-10-01,-1.3518345539235184,1.4598550022456525,-0.18494341031380582,0.6521991068964942,1,0.018352103603088806,0.40526089374614677,1.1282565477899769
2053-01-01,-0.2094891836560987,0.5027957749515224,-0.6067401093048879,0.16658759998598235,0,0.006985631328769967,0.5400141247180393,1.2322836664829333
2053-04-01,0.25331028700525604,0.13402466800549515,0.034596409899027236,0.14080942655446987,0,0.005359905152359702,0.5791679413800578,1.2585411183591835
2053-07-01,0.4495418402161854,0.16357705691730856,0.8360835443865257,0.21993566120845198,0,0.007781301614900628,0.5235983524513654,1.2210564091707916
2053-10-01,-0.5307687668851684,1.0287190612118384,1.2388315646834078,0.6751219346264333,0,-0.005918377154422825,0.9999999700466811,1.5591837547948184
2054-01-01,-0.4977531929061839,1.3647362186022742,0.3989858695223043,0.5765746550019245,0,0.007369484517638938,0.5318911291397367,1.2267479293492736
2054-04-01,-0.5925945023074229,0.5148480002749918,1.0297100767855123,0.5294818848586484,1,0.011390857097165467,0.4664162044638418,1.1800792989034217
2054-07-01,-0.9478940281771471,0.6726254782932463,-0.010015072428331884,0.4221853557698662,1,0.019595636295673353,0.39823206766400127,1.1210799262398232
2054-10-01,-1.0286574721882076,1.0002195057975594,0.04134352936793624,0.527399868561907,1,0.02086322178574502,0.39185499850709393,1.1141739218364841
2055-01-01,-1.329836657957152,0.8433004644415293,-0.1940045042218237,0.5041480978028392,0,0.005785970529428143,0.568094343435841,1.2511774004273746
2055-04-01,-0.29886164983824437,0.3292038448204,-0.8156925488382071,0.13278419820885845,1,0.02621475007502281,0.3715165522675385,1.0883661404694926
2055-07-01,0.12987648404078522,0.6197098843142523,-0.98621423736599,0.10813322608243976,1,0.00849501187098176,0.5101948908962213,1.2117563289013342
2055-10-01,0.6306216510509502,-0.10771795861075556,-1.4853697056107436,0.025309881175741,0,0.006383733033139463,0.5535663840854753,1.2414449919215176
2056-01-01,1.2590659017068002,-1.335872889628114,-2.218842943383259,0.002534296293997598,0,0.0065827224286402536,0.5489715815716238,1.2383485153588354
2056-04-01,1.8093431936496054,-1.6699454281793096,-1.4389422133925407,0.0022434582739698774,0,0.006780061342597286,0.5445276149170823,1.235344501139781
2056-07-01,0.5045900858583263,-1.6185978283184845,-1.7731959694340458,0.005358032073889137,0,0.010465349988657923,0.47877226388782884,1.1892809388794323
2056-10-01,0.36545103544853774,-1.48204345122317,-1.08123886830532,0.012277569996685297,0,0.001538654877256581,0.7491464974084033,1.3630464695840305
2057-01-01,-0.24399429896027758,-0.886272282654534,-1.2049949771453035,0.03202128548006564,0,0.00683794191589237,0.543244989791556,1.234475718032836
2057-04-01,0.16438491231989139,-1.1340259192155826,-0.7921672218407713,0.025570970703899517,1,0.009152017081028986,0.49886140066827167,1.2037748197343152
2057-07-01,-0.1653407971327661,-0.17982130661867513,-0.08127593141285039,0.13594628348498633,0,-0.0011853682871362193,0.9999999700466811,1.5118536675396457
2057-10-01,-0.25333287771457175,-0.3159569969222197,0.32094103204750457,0.1733560750041987,0,0.006854516059276225,0.5428794150181954,1.2342279508241707
2058-01-01,1.0808296961000614,-0.6772880977715026,-0.5633471349064222,0.022075285698733692,0,0.003641410291713218,0.6319369006750555,1.2929570349992128
2058-04-01,2.2659077918931683,-1.0490652002148229,-1.2775020500988497,0.0031458814869830894,0,0.00454301638521296,0.6023570401059681,1.273813341023486
2058-07-01,1.572853443479489,-1.0519410878620317,-1.557016651173231,0.004452914416605888,0,0.002299808486499428,0.6917997937151936,1.3299898264921493
2058-10-01,1.6591020675962727,-1.6969881598000767,-1.4117468862420437,0.002541742674306008,0,0.005387886994058135,0.5784209477967688,1.2580458068811344
2059-01-01,2.0930766369963925,-1.8995653662950882,-1.211023187430579,0.00172109506233821,0,0.013833273580592997,0.43955787451403844,1.1589736939304527
2059-04-01,1.6302860561743546,-1.6991221041872984,-1.423316686008045,0.0025739705306665212,0,0.0007893924830557035,0.8681784374226555,1.4272358833868029
2059-07-01,1.5124028053425416,-1.0908837037774053,-0.670300971002856,0.009549815577288486,0,0.0011876379895889256,0.7913256525230448,1.3862647421907963
2059-10-01,1.9521734921712501,-0.37160544785748617,-0.6815617502807738,0.012847185031275226,0,0.0006318748053132816,0.9154569054993285,1.4519439112103134
2060-01-01,1.5330174142896142,0.20469816155368992,-0.4306425912196341,0.038248647372902365,0,0.013355156803838024,0.4442448380767037,1.1627928243202517
2060-04-01,1.0743087098399118,0.6824021404436722,-1.1867219495058534,0.04637128372376464,0,0.004158173236810596,0.6143648916408552,1.281636089319857
2060-07-01,1.6236451185846223,-0.6305866075072334,-0.7517768949638262,0.012515832898461976,0,0.005992315946539769,0.5629520087306444,1.2477421413747898
2060-10-01,1.0590089126704698,-0.17024795826718592,-1.0206290672121843,0.02461616226863981,0,0.004408311647353794,0.6064698530411174,1.2764998453512577
2061-01-01,1.1502303115428076,-0.7283843708437647,-1.3125129328877927,0.010609944667291355,0,0.0021334239107070165,0.7019371122717941,1.3359932619445642
2061-04-01,0.8071754640437204,-0.580596266644455,-0.7181311269337266,0.026646823170510172,0,0.005112367284219372,0.5859043445735055,1.262998590257957
2061-07-01,0.25655523065070285,-0.7953662560047512,-0.6054955173802291,0.03774810161156475,0,0.016424623144093552,0.41797324612641773,1.1403360925438102
2061-10-01,1.6147672303665195,-1.3912819809040227,-0.23454815465792234,0.009530933590961015,0,0.011946697868091872,0.45962241959939515,1.1749015079961445
2062-01-01,1.4362285596352358,0.04361078543742458,-0.012609765057202793,0.050207347018064494,0,0.0025176611652724568,0.6798187036315805,1.3227938203201992
2062-04-01,0.5501959469049136,-0.6652230933194871,0.08434364772733682,0.05852816215109123,0,0.00881981123285908,0.5044770136715931,1.2077445865167975
2062-07-01,0.48444464620218336,0.022822064409365905,0.0822727568683504,0.11203060894616668,0,0.0026076043548012196,0.6752253473307318,1.3200054681036482
2062-10-01,0.5855544274229081,0.37227179976041186,-0.07234481024565606,0.12394878016793338,0,-0.0013607440831541267,0.9999999700466811,1.5136074254472938
2063-01-01,-1.139472380469505,0.4623828390799603,0.4383461295194221,0.507601771862093,1,0.017598389309984846,0.4099462502948502,1.1328291880588526
2063-04-01,-0.9429526415148195,-0.1930992101606993,-0.07693922300341233,0.23195002851802385,0,0.010972389955902913,0.4718338863313833,1.1841454892133205
2063-07-01,-1.4192322205118288,-0.25841179185884805,-0.13183509475498154,0.28880321069901604,0,0.010493419454401177,0.47837698890598496,1.1889903904337533
2063-10-01,-1.649410417117905,-0.03732459860435647,0.07385679342318693,0.4205097334901856,0,0.004126565953277795,0.6153881516295432,1.2822996778691214
2064-01-01,-0.5520760124285358,-0.4222716860442721,-0.7166811038022349,0.09186504242057497,0,0.0053995419171916584,0.5781106519383674,1.2578399989900215
2064-04-01,-0.66811222241354,-1.5284624703372294,-1.1679291613410756,0.025909771902819515,0,0.009249015325364119,0.4972646626707976,1.2026402464773565
2064-07-01,-1.172919245353543,-1.168182191926994,-0.2633077256022289,0.1104057454363028,0,0.007744283356862051,0.5243265070762595,1.2215579231150069
2064-10-01,-0.8078975404845551,-0.4663641558310398,-0.5778675470154009,0.11946350439922526,0,0.004446722620552414,0.6052876476954281,1.2757283610982317
2065-01-01,-0.6242592083628757,0.21386853014605262,-0.5805803618136984,0.18098357211113875,0,-0.0007001016444962907,0.9999999700466811,1.5070010012585997
2065-04-01,-0.6165340066364269,-0.4925279665392802,0.02270374215913834,0.15781855700891362,0,0.0065782758153964515,0.5490730072069382,1.2384169618024208
2065-07-01,-0.8421139530396837,-0.08680033543510443,0.3603496926963181,0.3078124619722169,0,0.010631840484791676,0.4764471649213951,1.1875684798919426
2065-10-01,-0.49557683394205626,0.40110380069286833,0.11747106752181788,0.2998818226363054,0,0.0010701291860565406,0.809694768938875,1.3961826044290495
2066-01-01,0.05239261634065062,0.741922650289282,0.05349475653524169,0.26033335452130085,0,0.008782789403039103,0.5051172182591909,1.2081952276114014
2066-04-01,-0.15270127353720178,1.2900387049374955,-0.18025434469392232,0.36635562938698796,0,0.007492475119561509,0.5293697382929782,1.2250219732143999
2066-07-01,-0.6018717165399299,0.44023822950435154,-0.09487994407975014,0.28887982324630024,0,0.009250622705575801,0.4972383654383929,1.2026215375851186
2066-10-01,-0.8182869637892534,0.983880895667118,0.19964638030769327,0.5124799557132871,0,0.00976229709881983,0.4891248724930321,1.1968126130095227
2067-01-01,-0.43149690505193145,0.21347114600026196,-0.15059295672791273,0.21274900132492222,0,0.0031832459839135183,0.6493999184161926,1.3040279623855753
2067-04-01,-1.2363600026628423,0.5818820119577492,0.05142241219040061,0.4743732163381737,0,-0.0006912294806927728,0.9999999700466811,1.5069122796232222
2067-07-01,-0.4098700411935905,-0.026280802159337924,-0.18087436233831064,0.17075010539611146,0,0.0038592179921319073,0.6242990818321597,1.2880564784252988
2067-10-01,-0.04829501408799025,-0.13339556123174784,0.037337647848476985,0.1413723680317183,0,0.00983433473361343,0.4880228900876073,1.196017640455934
2068-01-01,0.3619386411646681,-0.32852399851765,0.080700394493061,0.09102773777992457,0,0.0038235836051909223,0.6255238577603295,1.288844501208283
2068-04-01,0.33711937771952505,-0.4994879949253783,-0.16210668392328867,0.06605956990552307,0,0.0031850180397979045,0.6493280110423588,1.3039827912320194
2068-07-01,0.7674425836192187,-1.2465144640435657,-0.16050270062686048,0.02359270553641588,0,-0.0015496714360834804,0.9999999700466811,1.5154966989199972
2068-10-01,2.0940796637624786,-0.5783845331845064,-0.4651023679294258,0.011264507048938683,0,0.013461119729113943,0.4431844392425741,1.161934631634042
2069-01-01,1.6706726569863293,-0.4992243560206601,-0.4811785306772645,0.017067965250542497,0,0.009567997293986302,0.49214602951016617,1.1989844951364454
2069-04-01,1.7940327071482558,0.04361803332305347,0.9133768483944343,0.07891940866657406,0,0.009333563121354011,0.4958883382043809,1.201660118044451
2069-07-01,1.191653676785855,0.8336751160456796,1.4435346583182609,0.322149769289889,0,0.01016444662447379,0.48309508289735253,1.1924435996021174
2069-10-01,1.4876439545947107,0.6023926508302154,0.9974320986445034,0.1687647576934842,0,0.008522175118482286,0.5097078396511192,1.2114157251378583
2070-01-01,-0.10623407450979316,0.9612932603505255,0.6274795845205952,0.4469220408262676,0,0.005073818808245979,0.586974759340948,1.2637053439313766
2070-04-01,-1.1104323209320268,0.8622854839135838,1.6330276866241245,0.8023603211467647,1,0.02038623509169094,0.3941686822477724,1.116728186903035
2070-07-01,-1.0240716764229285,0.6621993596635765,1.2817765075094387,0.6982672775370007,1,0.015150008741182145,0.42785007640501216,1.1491057142279923
2070-10-01,-2.376280728710112,1.9710529069201508,1.791491129996583,0.9750376243354433,1,-0.006227325104293053,0.9999999700466811,1.5622732342009806
2071-01-01,-2.2242005500549697,2.2375798216132154,1.933678225929719,0.9803512613142074,1,0.005736807969830917,0.5693401666610443,1.2520081312740627
2071-04-01,-2.325037136842528,2.1280129241678836,2.0795428119194423,0.9822856174257925,1,0.02693746736232575,0.3694003386157715,1.0851930736569415
2071-07-01,-2.176032211968121,1.6697736356773427,1.7724612948618468,0.9605512294394757,1,0.010638196786709868,0.4763593355657406,1.1875036242535233
2071-10-01,-1.2215903209778913,1.0388046174158867,0.36654473551992206,0.6426258003202293,0,0.001854350545003467,0.7214912737428869,1.3473666595046399
2072-01-01,-0.43573052380869637,0.28579172397082686,-0.08848918068767031,0.23445169856875542,0,0.012418928218074754,0.4541872862916383,1.170688450085639
2072-04-01,-0.23453058540874563,0.34608304075224017,-0.8136101862249577,0.12859501667225656,0,0.003323509797610012,0.6438227879846085,1.3005138805543899
2072-07-01,0.21074228126563427,0.09065152685418623,-0.5042228373800787,0.09350238965034155,0,0.008204558817014356,0.5155066864164151,1.215458293915531
2072-10-01,0.3581694164710034,-0.05555718193670827,0.2186442812468914,0.12770823778680013,1,0.01615562312396975,0.4199506263409962,1.1421296726720964
2073-01-01,1.1434975778714618,0.7933720741328862,0.32650159079446195,0.15567813779707906,0,0.00771602788566097,0.5248845758929194,1.2219420477030287
2073-04-01,0.9352752306632318,0.605531910299756,0.3308062870564341,0.15596750809211335,0,0.006496773965642481,0.5509419837063276,1.2396775364899368
2073-07-01,0.5143592617229839,0.08696451846293968,0.39648679593394576,0.14584412285481954,1,0.0189731716898707,0.4016473687285343,1.1246184395075542
2073-10-01,1.362902761102835,0.13517638094259304,-0.01613688478148889,0.05766197318212984,0,0.005862947393074151,0.566159784642546,1.2498862419869385
2074-01-01,0.53662717478504,0.19301115405418595,-0.40053969798253636,0.08601981260966224,0,0.0036778663465044915,0.630632353418969,1.292122361612919
2074-04-01,2.1231727712926873,-0.41983319555418774,-0.8663625026882886,0.009103541632936066,0,0.004212169594967243,0.6126306167539476,1.2805102678086038
2074-07-01,2.0767895448700613,-0.6574766799661317,-0.7966433428615503,0.008025918990336268,0,0.012314279569333926,0.4553662265295541,1.1716080430656013
2074-10-01,1.499331214594291,-0.6054764187312641,-1.2807842299651886,0.009118399784472086,0,0.005644146142722343,0.5717104623068016,1.2535870571475713
2075-01-01,1.5823448228068495,-0.46136584199180936,-1.8094228481276444,0.006235137003240508,0,0.002799655668592353,0.6659893469251046,1.3143492649591424
2075-04-01,1.1537549780530971,-0.39352253640944246,-1.2855821300869659,0.014813632582920353,0,0.0039315500931816644,0.6218409087427739,1.2864724675442687
2075-07-01,0.34819443646064785,-0.5210648610042583,0.24106935310511912,0.08817955644573248,0,0.010721556858928337,0.475213465940207,1.1866564510180402
2075-10-01,0.8332843548398818,-0.37037115140330457,0.4177534961996053,0.07906975746298685,0,0.00893754785929081,0.502460401588458,1.2063225619282758
2076-01-01,1.308724050536877,-0.72328431573968,0.13306477027158922,0.03117611805677181,0,0.008453382548575479,0.5109445037466412,1.2122801583606964
2076-04-01,0.9521780792387045,-0.639380508277616,0.5752905194096849,0.06429815729459626,0,0.005018410964578876,0.5885238036514401,1.2647273559649679
2076-07-01,-0.2845291142813252,-0.30966165569162746,0.40335771604649956,0.18854767135697548,1,0.010900416138117151,0.47279325211653916,1.1848601941046295
2076-10-01,-0.0464387354849658,0.5777171300755973,1.276251756149036,0.4807890096465735,0,0.003397043275207279,0.6409859142510423,1.2987183829095421
2077-01-01,0.24492795230138426,0.4121042239432856,0.4810329178995049,0.23906512593955576,0,0.005009621068347747,0.5887706790058372,1.264890159523188
2077-04-01,-0.44790991832073224,0.18411441364712933,-0.29711645386301955,0.19047651747624747,0,0.010173178847045331,0.48296739271391903,1.1923505597232609
2077-07-01,-0.4344136949456115,0.2640035265771337,0.0703284258568555,0.25537154592519984,0,0.00977196625146007,0.4889763987430324,1.1967055907087423
2077-10-01,-0.6439813876803575,-0.20804988929574064,0.20461718260236683,0.22682289699328897,0,0.0019759786470066273,0.7125170766798952,1.3421793530484771
2078-01-01,-1.3279201471942894,0.27375909861424896,0.7861273448876411,0.5761556379963892,0,0.0025067888977839824,0.6803868300416799,1.3231375535033707
2078-04-01,-0.6931342179420535,-0.3969394999682411,0.41594845164025207,0.23426696388257087,0,0.006556549041816321,0.5495693382870577,1.2387518859599524
2078-07-01,-1.051692848031784,-0.21471404038199607,0.7119481642551357,0.3882003047284525,1,0.027267053929645034,0.3684752959110164,1.0837652903020323
2078-10-01,-1.498883941807462,-0.053652139292497195,0.38127804514347974,0.44946517388061863,0,-0.0019453736907697745,0.9999999700466811,1.5194537213483343
2079-01-01,-0.8506613324154928,0.8838243635115098,-0.5500134411080086,0.34190505176342045,1,0.022949894669733708,0.38280840929506676,1.1035500779274325
2079-04-01,0.6700058100216737,1.6162804287266803,0.6463743494680461,0.44161250762184245,1,0.016051516765290787,0.4207306540549428,1.1428316755551247
2079-07-01,0.18739860609628872,1.717060849920117,0.4041299207886654,0.5163515232252783,0,0.003435809827192709,0.6395127119094672,1.2977839153528015
2079-10-01,-0.11952224551628837,1.0650195344638722,-0.30712572169058333,0.28952452984176313,0,0.004569400644130186,0.6015621043928535,1.2732932695234567
2080-01-01,-1.0656051540051188,1.4197096125939797,0.8460445573100576,0.7727010963980109,1,0.023470857033753872,0.3807936031933638,1.1010212793974874
2080-04-01,-1.5174668879492166,2.061923869795128,1.1503813762268709,0.922477781208181,1,0.014674793645887085,0.43188470254398914,1.152564162385511
2080-07-01,-1.131054549696126,2.079566194873685,0.7798002003420997,0.8641053126136949,1,0.017624008744194865,0.4097812794049741,1.1326707511880807
2080-10-01,-0.7451029872994193,1.2765282368999946,1.1561298776568982,0.7462573141702936,1,0.01675443065545529,0.41562159745725513,1.1381757663935563
2081-01-01,-0.5910403594573042,1.1347280458976605,1.0622131850539587,0.675519625780943,0,-4.2321016387440426e-05,0.9999999700466811,1.5004231951745384
2081-04-01,-0.7660468971814012,1.313968277265246,0.580937091295578,0.6554778785539517,0,0.00937545237259566,0.49521171131968506,1.2011775175215496
2081-07-01,-0.6307368716512483,0.7077011632312628,-0.23022000164710887,0.3236069772454814,0,0.009262063102025299,0.4970513220060649,1.2024884539093799
2081-10-01,-0.16716148653474078,-0.19281665284668803,-0.6281624029690844,0.08907136951725655,0,0.00964133210209521,0.490997292742238,1.1981599667655431
2082-01-01,0.34928733946020935,-1.0151607324789689,-0.9482368617024157,0.021514091073074927,0,-0.0003710848843091431,0.9999999700466811,1.5037108337552798
2082-04-01,0.1329514875315121,-0.28355114488459543,-1.145789827229298,0.04284798088105271,0,0.007355456240853434,0.5321811754297172,1.2269462342340665
2082-07-01,0.193760083263187,-0.018637123648798437,-0.7247033133743321,0.07253410521957446,0,0.008939111194389079,0.5024338155682853,1.206303790332282
2082-10-01,-0.8916935206832933,-0.4930036192851716,-0.2633764757673899,0.15652903622409142,0,0.0017689513125537435,0.7282866589904237,1.351260293081847
2083-01-01,-1.179006019901888,0.0228357901417493,0.38548877642425217,0.4016762877397886,1,-0.0016687043098143237,0.9999999700466811,1.5166870276216515
2083-04-01,-1.297904014803327,0.3276209760737793,0.5865474296065694,0.5406658898189094,1,0.017761908884944725,0.4089003707752361,1.1318216741003195
2083-07-01,-1.2794399457754757,0.8943167658874307,0.6626431870847642,0.6792596614988665,1,-0.0005704775327744534,0.9999999700466811,1.5057047601802083
2083-10-01,-1.1353193099415277,0.560122013728402,0.2598624531418101,0.49200578420718283,1,0.024148579447306247,0.3783020439976823,1.0977964523532775
2084-01-01,-1.2620011884443079,0.6712311949122312,0.12624042834510274,0.5169122981228096,0,-0.0008902968519868426,0.9999999700466811,1.5089029532765355
2084-04-01,-1.3286300364195838,1.2044704036046365,0.11402450518775215,0.650332994863037,0,0.016574493424057556,0.4168948677783522,1.1393492214440197
2084-07-01,-1.3146695652710274,2.0485259663497857,0.610521200926043,0.8620606841611556,1,0.008255855374186957,0.5145546090741694,1.2147964201907082
2084-10-01,-0.3732655915353692,1.271238742526106,0.6442792386181778,0.5799553033157507,1,0.003898199928889636,0.6229697267428823,1.2872002579265462
2085-01-01,-0.21571731253299253,0.7142719688183696,0.7460323423890194,0.4368504213721797,0,0.010176091519627669,0.482924845474604,1.1923195484907858
2085-04-01,-0.5267934111979756,0.5592584686524419,0.7316553885001439,0.4628130509549762,1,0.014074856952293848,0.4372823991121707,1.1570943274034886
2085-07-01,0.0914878665688918,1.0076140374794837,1.3966514200891829,0.5785008746228265,1,0.011006676464746989,0.4713797678723487,1.1838066379661896
2085-10-01,0.8163460689777984,0.06789144497464839,0.26443310095030137,0.10389943817794807,0,0.005648358274082532,0.5716020806228508,1.2535149068957367
2086-01-01,-0.24403214312072752,0.26190462444726176,0.239986072432179,0.2516606264589638,0,0.008428186019456042,0.5114001082619921,1.2125983017029758
2086-04-01,-0.13464799234788005,0.1790521250191281,-0.2416553557665439,0.15830998656940454,0,0.007068823669998628,0.5382203831449499,1.2310643417319675
2086-07-01,-0.40223424169187216,0.2189751908943427,-0.5645704368220414,0.15710085374155225,0,0.011124625838555037,0.46983166034328483,1.1826488158873811
2086-10-01,-0.7655028684826659,0.6763452698350603,-0.4635468224798035,0.2992631045029624,0,0.006416678081213462,0.5527976267772633,1.2409275692377468
2087-01-01,-1.2625838252650576,0.7364217599260989,-0.04723990323858632,0.49566086034852697,0,0.005394928908409494,0.5782334064641804,1.2579214220286732
2087-04-01,-0.348677861761854,0.5459720639115926,-0.043112256065318946,0.2745625448052599,0,0.010703469778840157,0.47546111179686174,1.1868397194871163
2087-07-01,-0.2123206947716131,0.528404247765761,0.6353726691848531,0.37110562184240925,0,0.008537663052406134,0.5094308695727777,1.2112219436573226
2087-10-01,0.33693312766134587,-0.019488943898736455,0.1336538900476676,0.12550490449235613,0,0.009173616256147729,0.49850418956860226,1.2035212334124583
2088-01-01,-0.3672521096424984,0.4900215031952667,1.7334991243612656,0.6227316564038766,1,0.019738629256976562,0.39747507534304793,1.1202814061606714
2088-04-01,-0.6014727928555367,0.5235656803649942,1.2383713006541968,0.577191532497923,1,0.007802337352729007,0.5231860679222506,1.2207722919593533
2088-07-01,-0.8200888038610689,0.2123124957725845,1.469002147424424,0.5980686345615559,0,0.003715566998338654,0.6292947053862423,1.2912654862974975
2088-10-01,-0.8704579652482546,0.293546921766205,0.4232994569328965,0.40819393028636203,0,0.003492550180141528,0.6373830810635192,1.296430616585884
2089-01-01,-0.34613703890799824,0.19833386392532792,0.760069842887989,0.3494842576794536,0,0.00940203692834224,0.49478412328798393,1.2008722756568813
2089-04-01,-0.8338514761462488,0.8297215077668947,1.091503792803307,0.6625743103733209,1,0.01932136200322398,0.3997124659718168,1.1226263404634802
2089-07-01,-0.0411593157510346,0.8853646098029058,0.20386414724871305,0.33167174842948716,0,0.005448452783963918,0.5768138703836536,1.2569795038126186
2089-10-01,0.05445388009222675,-0.13104862876841583,0.11597021705397287,0.13916922389722622,0,0.01210985987906228,0.4577107225785077,1.173427234133553
2090-01-01,-1.0085874802920065,0.5019472161454155,1.602594214071616,0.7203814067117954,1,0.01405043000790075,0.4375097374113003,1.1572828692729251
2090-04-01,-0.9636435529759598,0.5177745638351471,1.4416586419969615,0.6870562492905605,1,0.015623627092934274,0.42402627882805205,1.1457648548338855
2090-07-01,-0.8563207402593456,0.7059088712683219,1.0033855889973968,0.6227797774765609,1,0.006359263310433472,0.5541394539710878,1.241830540000524
2090-10-01,0.30119983075870727,0.037103795249457505,0.8990160380099248,0.23030184412537416,0,0.012716581927629268,0.4509106076413387,1.1681148869795877
2091-01-01,0.5221566055640892,0.0478084044739451,0.7054858794595488,0.17526657201566637,0,0.005843727125680685,0.5666409901801169,1.2502075418416774
2091-04-01,0.06610014441294643,0.5782309193942261,0.5887983320558345,0.31943116475303845,1,0.01647073471702337,0.41763970312091125,1.1400315239864462
2091-07-01,-1.1124836283976052,0.6292852835956577,0.5601470513560791,0.5669841697459996,1,0.02240207260845003,0.38502632959577526,1.106259286880192
2091-10-01,-1.8783742235501049,0.43239032617417716,0.7243055107190642,0.7053796487209866,1,0.024827949967751863,0.3759423091101022,1.0946323861415839
2092-01-01,-2.0314869015403243,0.4614809248148867,0.772101517638209,0.7448739048079982,1,0.024818989849492944,0.3759725720334992,1.094673691526878
2092-04-01,-1.3136872384654046,0.4904662066874014,-0.256890998901959,0.40473351893386783,0,0.00875804695894061,0.5055467099473678,1.2084973367171141
2092-07-01,-1.286580575598149,-0.2917228690399262,-0.6028804136770198,0.190619231205563,0,0.002809715573634195,0.6655248657129771,1.314063077058143
2092-10-01,-1.3329077327719707,0.7282193069283556,-0.019318415480895024,0.5145856758927825,0,0.01895003116178666,0.40177820543615983,1.1247520075866604
2093-01-01,-1.025476343297267,0.45392825186773755,0.008852217133553872,0.391838934239769,1,0.03126376134087259,0.35898042188531454,1.067259428583975
2093-04-01,-1.17847648262883,0.6912872017789151,0.7026803675452002,0.6237993609909843,1,0.024216664664883238,0.3780594910993101,1.097476346356371
2093-07-01,-0.7539208311019936,0.2195757967094712,0.10109478038424302,0.30690268101977874,0,0.008242582605576454,0.514800371033679,1.2149673396805745
2093-10-01,-0.20081131774613598,0.005902782294939096,-0.1285568468759562,0.15670179198040401,1,0.011701820697819753,0.4625608033195161,1.1771523658369136
2094-01-01,-0.6770557972335495,-0.20443420018736438,-0.7492211242275497,0.11862112249223562,0,0.006371276559161532,0.5538578858842726,1.241641125287724
2094-04-01,0.4650424233471566,0.1794483581716284,-0.1653706146147248,0.10761139576124872,0,0.008503418164786553,0.510043991690318,1.211650822407362
2094-07-01,0.5664028215515277,-0.4098835511069072,0.29515278124952143,0.08549289939320882,0,-0.0016428991533265797,0.9999999700466811,1.5164289760645036
2094-10-01,0.041709896140233904,-0.46964585966901207,-0.3039745259755331,0.07656252784274749,0,0.00325445150809458,0.6465403428496972,1.3022288294865367
2095-01-01,0.0852434396857604,-0.3510030847317687,-0.22834582687002264,0.08706546983474674,0,0.0015908139376222194,0.7440516312974419,1.3601893365705473
2095-04-01,0.4669875479378155,1.1964368662195701,0.7307965506599952,0.4039225817447958,1,0.024972510997122815,0.3754571111988258,1.0939674872158065
2095-07-01,0.4116703631675571,0.4865476194184492,0.5782219322876481,0.24118185293832295,1,0.01192352807017016,0.45989685446119777,1.1751124966950883
2095-10-01,0.11715802564203753,0.25292086252678536,0.9616467209362649,0.3117587477279575,0,-0.0033198760107638198,0.9999999700466811,1.5331987441365658
2096-01-01,-0.5371749252997692,0.31168147016396125,1.233885971725777,0.5128719450324972,1,0.017679779139338537,0.4094235821564938,1.1323266060086106
2096-04-01,-0.46249474453013245,0.27897164949410647,1.3393466027371073,0.511644946882905,1,0.009616553584203694,0.49138427112250177,1.1984379038244068
2096-07-01,-0.629383700964161,-0.09913002380315766,1.3370117552122445,0.4569227129616854,0,0.0026085994890054803,0.6751755510686981,1.319975149559281
2096-10-01,1.072442917067974,-0.2953303178684101,0.20633465023997388,0.05914728999609127,0,0.0077649157092696845,0.5239202486097482,1.2212781586165309
2097-01-01,1.2398015658092456,0.15701607010778862,-0.2997682268516347,0.05168745389282863,0,0.007383436805990416,0.5316031485698148,1.2265509917515998
2097-04-01,1.412296090329017,-1.0788820599863664,0.18457708682108828,0.02148882636208937,0,0.009853954732928919,0.48772443643207525,1.1958020730285883
2097-07-01,0.6224026766511963,-0.006256232932206562,0.6840988589519202,0.15400848048893453,0,0.009260011677393248,0.49708483974168216,1.2025123056642097
2097-10-01,1.6186205560057418,-0.19024527127861604,0.5885246183719222,0.0569839015669128,0,0.010891413715317799,0.4729138195900702,1.184949909186569
2098-01-01,1.8449962101955102,0.0362022846627158,-0.3462062386863267,0.027169101729854,0,0.006091942719961973,0.560518138154828,1.2461126251660246
2098-04-01,1.6601193958822544,-0.49334930155035006,-0.5480127699760722,0.016373305127322844,0,0.007374560983430013,0.5317862844585504,1.2266762383803629
2098-07-01,1.5642708371051148,-0.507163672143869,0.24999075842694818,0.03392977583159428,0,0.008248357548060603,0.514693378649773,1.21489293917766
2098-10-01,1.3240224640106248,-0.7395007553197193,-0.4300028294101561,0.019012795487407023,0,0.006694958129042308,0.5464305492379792,1.236631978143211
2099-01-01,1.7081013243853373,-1.226030501362751,-0.7725448318295001,0.006539859823360567,0,0.00443178389834829,0.6057465116356286,1.2760278794503401
2099-04-01,1.0697551986882923,-1.3067146820478455,-0.1421394998223411,0.017610553847170755,0,0.004703741355772966,0.5975662510814739,1.2706751546604755
2099-07-01,0.5195241157058268,-0.8624322405594346,0.327368994737008,0.06107445553103952,0,0.0026662547270141458,0.6723265906686098,1.31823735582963
2099-10-01,-0.9116349518578901,0.35098875322859313,-0.02413005270834223,0.34024973369863354,0,0.007870790685621284,0.5218518686477946,1.219852066053626
2100-01-01,-0.7867482818537366,0.18772039578252786,-0.9747869769009431,0.1503960036238094,0,0.005705136268842347,0.570147067216842,1.252545866490892
2100-04-01,0.07164419921710141,-0.513953471190797,-0.8953110739442185,0.04478052568126604,0,0.003314670247325588,0.6441676762479529,1.300731803816497
2100-07-01,0.46581465463542365,-0.22331281182040752,-0.6716895328230185,0.05073722809925357,0,0.0033185717588367115,0.6440153578000344,1.3006355671134942
2100-10-01,0.7598728393669024,-1.1995631643496374,-0.027040891773420117,0.027693814443595418,0,0.0010163253433122888,0.8191005266877128,1.4012255371039248
2101-01-01,0.2661585379606867,-0.6945143312732229,-0.44927586445151424,0.04662338137337934,0,0.01021113363319624,0.48241399925104367,1.1919470614967516
2101-04-01,0.8752018835219493,0.31929181275152907,-0.8165122179619642,0.05291861990314166,0,0.006430194212033508,0.5524831567788616,1.2407158384197765
2101-07-01,2.141878760973339,0.5063829624538649,-0.9966199700941785,0.019139798085843884,0,0.002476239917792266,0.681998755692448,1.3241114524189213
2101-10-01,1.6827534226488727,-0.34396826173583844,-1.5663847933828499,0.007856415872659851,0,0.009495900548328476,0.49328546753485725,1.1998008363509614
2102-01-01,0.6486195762868048,-0.2964190708698041,-0.6641494637291876,0.041191801821531676,0,0.003746114998863634,0.6282191540263002,1.2905757650584366
2102-04-01,0.6365483309001552,-0.917842402919485,-0.8654685501436958,0.01986629085637177,0,0.00019269736654862357,0.9999999700466811,1.4980730114155736
2102-07-01,0.5421721251863982,-1.2155186737398398,-1.00397842196045,0.014500425441137693,0,0.010389133614720358,0.4798523516383702,1.1900736738540971
2102-10-01,1.2750576161621492,-0.7131805528380545,-0.9768287349869637,0.012848138862646727,0,0.0038441926438223255,0.6248143793111772,1.2883881212485642
2103-01-01,1.00070461092542,-0.39132451954673236,-1.0427807899397052,0.02065916089471156,0,0.004382623821123085,0.607264762673755,1.277018251190651
2103-04-01,0.5584463670749711,-0.667747590101873,-0.8415347639914289,0.027269341690775193,0,0.006272956085466546,0.5561750911326847,1.2431989263412855
2103-07-01,-0.4690377897403908,0.21159670446946777,-0.7060558314906303,0.1479906422597519,0,0.010898874735718482,0.47281388068054636,1.184875547751811
2103-10-01,-0.9337931441079379,0.4045162965542691,0.5614848928437628,0.4763368937051255,1,0.011924263433415901,0.4598881277289048,1.1751057920150536
2104-01-01,-0.45598119315145585,1.04615574702062,0.24001277364331505,0.4589532916138388,1,-0.0015937100380255462,0.9999999700466811,1.515937084926227
2104-04-01,0.11330150966247549,0.5316984875639081,0.9255606976723451,0.3648288554750158,1,0.01071071035244502,0.47536191568094005,1.1867663199260505
2104-07-01,-0.319164248129607,0.9834577876327162,1.5866592073294574,0.6908796239312222,0,0.00406304315810076,0.617463193438391,1.2836438006844064
2104-10-01,0.07143865208034228,0.4061081411628247,1.3220393005123694,0.4252674065694531,0,0.014029280680423759,0.43770706800060016,1.1574463808724427
2105-01-01,-0.5821474228612563,0.43286482028492074,0.3218023776541362,0.36113966614262694,0,0.006095297167608862,0.5604367403553222,1.2460580854165437
2105-04-01,-1.004603006003665,0.45659401415848305,0.8083323794961322,0.5559544924495212,0,-0.003287149091174397,0.9999999700466811,1.5328714749504742
2105-07-01,-0.6313048290163231,0.3297582911441421,0.4735424911839212,0.37810263262836846,0,0.007600932883053831,0.5271781343343094,1.2235186110022684
2105-10-01,-0.5060717406441605,-0.2630360408277522,0.009862816256819784,0.17345446911732448,0,0.01426731072749296,0.4355123477110623,1.1556202739509942
2106-01-01,-1.329179577363723,-0.5573341119581291,0.047841373557521966,0.24805744144119304,0,0.012718865211890636,0.45088591303166425,1.1680953840620516
2106-04-01,-0.9312384605332666,-0.300263980359598,-0.38056993042924747,0.172618415261269,0,0.013790008012777574,0.43997182596375295,1.1593137629275112
2106-07-01,-0.660209283868425,-0.7032918394232701,0.26037414447150015,0.16306038467707915,0,0.0018170072213978539,0.7244086683163538,1.3490417763424367
2106-10-01,-0.6822624940827808,-0.7038060244122057,0.5732596765135517,0.20563800933591964,0,0.009931040063102472,0.48655871671240375,1.194959017268976
2107-01-01,0.9862800444233474,-1.31947385689337,0.3077249315793099,0.027112541349100832,0,0.0030676229331058117,0.6541775923679017,1.3070210943372338
2107-04-01,0.8493234425178087,-0.5128082510670888,-0.3066783348574665,0.03842850754359365,0,0.007042015477551083,0.5387963640988038,1.2314560586970817
2107-07-01,-0.10519321258187586,-0.8746635904803246,-0.7513337308782936,0.04188059361202793,0,0.0007535997992931244,0.8777292008747583,1.43225003494125
2107-10-01,0.12582526355338794,-0.47272015472277296,-0.5125064398152638,0.06055904700539272,0,0.003393285787492592,0.6411294894342427,1.2988093888727255
2108-01-01,0.8023940434305801,-1.4732945203031607,-1.1200130150925323,0.008295797701953602,0,0.0032597638710728165,0.6463293874507318,1.3020958818651207
2108-04-01,1.7318455779382607,-1.338695350083476,-1.6183669370030493,0.002816496083598083,0,0.009873932176598987,0.48742127224633974,1.1955829902872503
2108-07-01,2.0674793901209174,-0.853009715101522,-2.1647033642404256,0.002112613612988737,0,0.009463020311012553,0.4938084801491751,1.2001750433005687
2108-10-01,1.2516616949471415,-0.6651243451574613,-1.7332098463200492,0.007253372512806364,0,0.007262642863189448,0.5341130732743274,1.2282658116396439
2109-01-01,2.2921009179367298,-1.9380920833710453,-1.696790199730782,0.0009278196566523377,0,0.0004282300441673816,0.9999999700466811,1.4957176847099358
2109-04-01,3.3050154846190924,-2.244603595638376,-2.675540077444518,0.00012768128845242963,0,0.004791114377411177,0.5950121945715366,1.2689983824843016
2109-07-01,2.6803679539214325,-1.80572226434528,-1.646531384583605,0.0007895160329706653,0,0.002966310771640551,0.6585133684783534,1.3097231312573103
2109-10-01,1.3780622673011171,-1.442308726936539,-1.8435749106451733,0.00284715193722166,0,0.009752638178116863,0.48927337209851146,1.1969196243666165
2110-01-01,1.4839292990373751,-1.4231259757538446,-0.6565005124202612,0.007236642158913599,0,0.011048376381832176,0.4708299567516388,1.1833959126354807
2110-04-01,1.7620598941028742,-1.3747234987539751,-0.7932429650827043,0.0053356493375692855,0,0.010536819461329708,0.4777684540236679,1.188542627568174
2110-07-01,1.9080975352817275,-2.0489814367092736,-1.226416280027683,0.001724883992982694,0,0.0029280784384485142,0.6601888870806427,1.3107635950846799
2110-10-01,2.11352123829114,-1.4020520323145784,-0.5900034888033386,0.004586936360422583,0,-0.005406039113615812,0.9999999700466811,1.5540603745402106
2111-01-01,2.2441520706390996,-0.37703438330299444,-0.016303229394529106,0.017471306019946085,0,-0.0013212399721462273,0.9999999700466811,1.5132123843490475
2111-04-01,1.2807764328449616,-0.20319746529936195,0.20950935927033015,0.05449477418453527,0,0.012070833307945275,0.4581646775980207,1.1737780442902683
2111-07-01,0.023966699626129406,0.2425453108739959,0.7777498406794845,0.29341276762967866,0,0.00441472925485674,0.6062717901759043,1.276370637003113
2111-10-01,-0.9360478016866711,1.5200988869703536,1.4887156344087935,0.8526002939151707,1,0.01343076743863703,0.4434868976590458,1.1621797549841102
2112-01-01,-1.1383995668403541,1.5780237572233817,1.1674348817292863,0.8467171581206219,0,0.012999173232432182,0.44790123776165425,1.1657271610739817
2112-04-01,-1.4774987205008085,0.6332429841946323,0.012805128336117244,0.5295502991164166,1,0.018126866244150018,0.4066253634682476,1.1296042459834457
2112-07-01,-1.2152394296517248,0.21501859792740025,-0.45007896009874077,0.290007847777809,0,0.006202684632063104,0.5578491481144424,1.2443229506770317
2112-10-01,-0.9069519104657859,0.4544905854184373,-0.7931350144233009,0.22767441801205054,1,0.019255939806366584,0.4000712192786884,1.122998136472443
2113-01-01,-1.5819413039634633,0.10678976765018217,-0.8296270150910301,0.2671594306511274,0,0.0055451749061848745,0.574274693822308,1.2552928106967494
2113-04-01,-0.8293067232290973,0.09736797095503316,-0.5928395781025049,0.1890027107265341,0,0.007054083753227358,0.538536830828944,1.231279576325822
2113-07-01,-0.4878374344317808,-0.32513016404177797,-0.16446621594335348,0.1438089177152709,0,0.012820198581542354,0.4497959151957042,1.167233228058097
2113-10-01,0.05665428065871858,-0.8013937600345495,-1.1355841214835873,0.028616810099749906,0,0.007874363181796353,0.5217825481845934,1.2198042212290103
2114-01-01,0.2478573738742081,-0.9119171496082641,-0.12473272088689757,0.050545059243146576,0,0.009149321938764395,0.4989060395793257,1.203806500056611
2114-04-01,-0.4365868952759939,0.20512730851830885,-0.3503537113998064,0.1851510393797313,0,0.01101093445809472,0.47132350365419035,1.1837646297541367
2114-07-01,-0.6413134578353419,0.9365191477427293,-0.35909196724967263,0.3496862664215786,1,0.01071491607237603,0.47530433014877876,1.1867237050105788
2114-10-01,-0.7145399280146768,0.4407464841597841,-0.12336089707375981,0.3039012617611051,0,0.00927041994839098,0.49691486806600016,1.202391338977289
2115-01-01,-0.9072328050728513,-0.117522781140105,0.2763043834936999,0.2982510721168081,0,0.004862811230421232,0.5929417106193907,1.2676372192158438
2115-04-01,-0.12438958019118873,0.7553423636849418,1.4802147979366986,0.5821216212619069,0,-0.004467599822245616,0.9999999700466811,1.5446759819076021
2115-07-01,0.49701676476732326,0.7426086478326458,1.6262764344930831,0.4788498619788073,0,-0.002838312076340409,0.9999999700466811,1.5283831049365761
2115-10-01,0.1492042084901013,1.1037796767042067,2.086396663549955,0.72014969797346,0,0.001823906031621521,0.723863550623114,1.3487291843510323
2116-01-01,0.42714387139743204,0.22313948702470487,1.7623961942714044,0.4005790422436368,0,0.008331137560088842,0.5131682784764903,1.213831384043629
2116-04-01,0.4979583949048134,0.7121610195828172,0.5068420642598719,0.2561843513186937,1,0.010249189271597077,0.4818616622569988,1.1915439173365157
2116-07-01,-0.60461013537672,1.2341866215808153,0.9016971275075107,0.6688167954521508,1,0.0019560241043944976,0.7139375828229664,1.3430040002011345
2116-10-01,-0.4116985771773185,0.9270360153733304,1.6960692485571789,0.7155078412699835,1,0.0014587969676279867,0.7574430627936407,1.3676719749652781
2117-01-01,-0.18056057593715985,0.916164036649725,1.1479242679715618,0.5620701563268892,0,0.000769823617588789,0.873324711008597,1.4299392956207153
2117-04-01,-0.2818278987991202,0.43071103375404507,0.5415078609010566,0.34502298120969843,0,0.005984779912428361,0.5631373996472735,1.2478661658501753
2117-07-01,-0.5726929585497866,0.44147906533506526,0.7951719192929607,0.4581209121598696,0,0.007378629195818026,0.5317023193343996,1.2266188170979502
2117-10-01,-0.9768456010994282,0.6178818834536051,-0.5459805429813216,0.3107153906084869,0,0.0030076529105389914,0.6567262732346544,1.308611089746111
2118-01-01,-1.6762658044587129,1.0655029233666773,-0.40459608870270036,0.5849547723868496,0,0.006218972329348352,0.5574597888111149,1.2440616243921505
2118-04-01,-2.6924711820743825,1.201290653053128,0.6322037591547836,0.9017834625394221,1,0.009113624570620267,0.49949868674448233,1.2042269083271706
2118-07-01,-2.095462778552054,1.133050179295935,0.7004640670178802,0.8459177378984849,1,0.011348597332318444,0.4669511675409649,1.1804831760276988
2118-10-01,-2.4016325653917576,0.9413224834566407,0.44415114085804325,0.8268081162271138,1,0.02316077902120492,0.38198202759297467,1.1025210004849604
2119-01-01,-1.9742120549412532,0.1144820271369732,0.09481966302744271,0.5293250275853565,1,0.018735048849184463,0.4030076532060703,1.126000145908926
2119-04-01,-2.0504729388801577,0.4410507105639143,0.09936389934402531,0.6216034166222014,1,0.014408067082349226,0.43424109449331194,1.1545547990529321
2119-07-01,-0.7681645787239366,0.6866913873103331,-0.24393357628787593,0.3425284372137315,0,0.01041782497467657,0.47944459084852586,1.1897745970991094
2119-10-01,-0.6405065000944703,0.740512117035083,-0.04353298036654554,0.3684002282494465,0,0.005876127950237152,0.5658304699235606,1.2496663125676437
2120-01-01,0.9694820838386404,-0.7968673766457979,-0.4137040071344568,0.02453694883949097,0,0.0059708759045057755,0.5634798955353468,1.2480952624584192
2120-04-01,1.0931128023132408,-0.4586354234928911,-1.068337912280537,0.017585532107722096,0,0.0036470768004675676,0.631733409978515,1.2928269023531285
2120-07-01,0.36965034800416097,-0.043639268479426285,-0.18954944551459163,0.09391209602240616,0,0.0066003205033383664,0.548570783217493,1.2380779617287185
2120-10-01,-1.1410640320636583,0.7639176861950251,0.19490214916419468,0.527794580928747,0,0.007435594516538999,0.5305310134986357,1.2258173718010745
2121-01-01,-0.6371276842280567,0.25454327171391755,0.24695611449057703,0.31936040776905256,0,0.002806114262556245,0.6656909417205229,1.314165422400097
2121-04-01,-0.4906352358848239,-0.2644498205805642,0.614031523883953,0.25687769126497606,0,0.005574813453388487,0.5735032255090147,1.254779877783214
2121-07-01,-1.1929236091657207,-0.361156207608045,-0.31673873372014044,0.20614168892901086,0,0.003537584762560123,0.6357144875049595,1.2953683049091171
2121-10-01,-1.8392937051718206,0.05487640448297382,0.5352998795979762,0.5794551495854483,1,0.012423540199898135,0.45413565017931384,1.170648100027561
2122-01-01,-0.910829174942189,-0.18363352026889554,0.5232396976016851,0.3305954192071255,0,0.0057231307663712025,0.569688217674101,1.2522401071789524
2122-04-01,-0.9915366388930003,0.7427843587766869,0.4591361843077634,0.5470397363620714,0,0.012589975037125549,0.4522906727788161,1.169202053591308
2122-07-01,0.41610160958018727,0.8287545961856627,-0.0060803385555828204,0.21056255914791366,0,0.00527838621060771,0.5813606600546313,1.259993869113094
2122-10-01,-0.16684522358609472,0.5356959139135115,-0.22426956748384896,0.21586980943385325,0,0.007189008094446614,0.5356617945828169,1.2293221275199917
2123-01-01,0.834203717352864,-0.3821616754559231,-0.9130095449569064,0.026644027095878656,0,0.0005502708990898699,0.9466197766972921,1.4681009151924513
2123-04-01,0.44620762248821316,0.6065420941146604,0.4424491795667582,0.23559569104329758,0,0.004222295114154969,0.6123072950984253,1.2803002265446572
2123-07-01,-0.599118452045753,0.8594752741435274,0.9910079776802826,0.6030306559265035,1,0.01501760370106346,0.4289537353187401,1.150058295628293
2123-10-01,-0.7978371499938798,0.49770024028437365,0.9207764756325824,0.5457806217625779,1,0.01998132358120679,0.396212936819911,1.1189378794333666
2124-01-01,-0.5357705215108514,0.5785473214290185,-0.1353600226087912,0.2973328437161262,0,0.0070323276662403395,0.5390049884143678,1.2315978972845048
2124-04-01,-0.5707718132466137,0.7358700156497864,-0.07081485633152863,0.34842714269585157,0,0.011911625517010596,0.46003810879142276,1.1752210376409393
2124-07-01,-0.13017809405997333,0.9443921424620305,0.012149699234120855,0.3247891433216655,1,0.019762617683549942,0.39734906676472426,1.1201479564484962
2124-10-01,0.3571166055987257,0.5363223608817329,0.39982377674248737,0.23073020514493006,1,0.009598161460012557,0.49167227720211537,1.1986446395810781
