model_family,architecture,seed,lambda_shortfall,T,rho_scale,split,model_name,n,rmse_vs_realised,rmse_vs_true,mae_vs_true,bias_vs_true,mean_regret,median_regret,mean_regret_vs_bayes,mean_regret_irreducible,mean_utility,shortfall_bind_share
pto,linear,42,0.2,500,0.03,main,linear,150,0.0020597106925764,0.0018233938768459,0.0012169425462372,-0.000266074054616,0.0057525645800108,0.0045394966018648,0.0055874545839677,0.0001651099960431,1.088016355963265,0.4933333333333333
pto,mlp,42,0.2,500,0.03,main,mlp,150,0.0018693932635061,0.001628400683433,0.0011284629588047,-0.0003594374123238,0.005389354772739,0.0042440184877386,0.0052242447766959,0.0001651099960431,1.088379565770537,0.54
pto,persistence,42,0.2,500,0.03,main,persistence,150,0.0019754026530586,0.0017571971441899,0.0011893081593076,-7.195913992865195e-05,0.0058895176091422,0.0047074521338389,0.0057244076130991,0.0001651099960431,1.0878794029341337,0.5533333333333333
pto,persistence_ma4,42,0.2,500,0.03,main,persistence_ma4,150,0.0020727602347219,0.0018643791143738,0.0013701538375664,-7.791002466344527e-05,0.0067376373559112,0.0049635348365238,0.006572527359868,0.0001651099960431,1.0870312831873647,0.5
blackbox,linear,42,0.2,500,0.03,main,blackbox_linear,150,,,,,0.0057614318398382,0.0044199843182535,0.005596321843795,0.0001651099960431,1.0880074887034377,0.4866666666666667
blackbox,mlp,42,0.2,500,0.03,main,blackbox_mlp,150,,,,,0.005165643359654,0.0038792702296005,0.0050005333636108,0.0001651099960431,1.088603277183622,0.4933333333333333
dfl,linear,42,0.2,500,0.03,main,dfl_linear,150,0.002723562293319,0.00254965370756,0.0014931294730261,0.0003585362629445,0.0056668441749638,0.0043249396035589,0.0055017341789206,0.0001651099960431,1.088102076368312,0.5066666666666667
dfl,mlp,42,0.2,500,0.03,main,dfl_mlp,150,0.0018640818963326,0.0016100389664305,0.0011094636149066,6.434807292574712e-05,0.0050472848636205,0.0037016022327435,0.0048821748675773,0.0001651099960431,1.0887216356796556,0.4933333333333333
pto,linear,42,1.0,500,0.03,main,linear,150,0.0020597106925764,0.0018233938768459,0.0012169425462372,-0.000266074054616,0.0273154896891326,0.0085765266082622,0.0269493834557296,0.0003661062334029,1.0664534304590525,0.4933333333333333
pto,mlp,42,1.0,500,0.03,main,mlp,150,0.0018693932635061,0.001628400683433,0.0011284629588047,-0.0003594374123238,0.0256391553400459,0.0080687439725224,0.0252730491066429,0.0003661062334029,1.068129764808139,0.5333333333333333
pto,persistence,42,1.0,500,0.03,main,persistence,150,0.0019754026530586,0.0017571971441899,0.0011893081593076,-7.195913992865195e-05,0.0317982167840714,0.0122111508084978,0.0314321105506684,0.0003661062334029,1.0619707033641137,0.52
pto,persistence_ma4,42,1.0,500,0.03,main,persistence_ma4,150,0.0020727602347219,0.0018643791143738,0.0013701538375664,-7.791002466344527e-05,0.0317573197116315,0.0130355974556625,0.0313912134782285,0.0003661062334029,1.0620116004365532,0.5
blackbox,linear,42,1.0,500,0.03,main,blackbox_linear,150,,,,,0.0120204268204026,0.010091835044849,0.0116543205869997,0.0003661062334029,1.0817484933277823,0.14
blackbox,mlp,42,1.0,500,0.03,main,blackbox_mlp,150,,,,,0.0124647051229544,0.0086591667672568,0.0120985988895514,0.0003661062334029,1.0813042150252303,0.1533333333333333
dfl,linear,42,1.0,500,0.03,main,dfl_linear,150,0.0046410866674922,0.0044920739905929,0.002812656176587,0.002497779626192,0.012636562955512,0.008757249593197,0.0122704567221091,0.0003661062334029,1.0811323571926728,0.1266666666666666
dfl,mlp,42,1.0,500,0.03,main,dfl_mlp,150,0.0026596918714278,0.0024546799540072,0.0018332346229564,0.0015445652457675,0.0110612789174994,0.0076906918437561,0.0106951726840965,0.0003661062334029,1.0827076412306853,0.1333333333333333
pto,linear,42,50.0,500,0.03,main,linear,150,0.0020597106925764,0.0018233938768459,0.0012169425462372,-0.000266074054616,1.236124140216628,0.0123991365833697,1.235434246520661,0.0006898936959665,-0.1423552202346229,0.4733333333333333
pto,mlp,42,50.0,500,0.03,main,mlp,150,0.0018693932635061,0.001628400683433,0.0011284629588047,-0.0003594374123238,1.1487266126038254,0.0110229198345899,1.1480367189078586,0.0006898936959665,-0.0549576926218205,0.4666666666666667
pto,persistence,42,50.0,500,0.03,main,persistence,150,0.0019754026530586,0.0017571971441899,0.0011893081593076,-7.195913992865195e-05,1.5125618300781878,0.0362415642397747,1.5118719363822213,0.0006898936959665,-0.4187929100961829,0.5
pto,persistence_ma4,42,50.0,500,0.03,main,persistence_ma4,150,0.0020727602347219,0.0018643791143738,0.0013701538375664,-7.791002466344527e-05,1.4526392208298076,0.0191784240949322,1.451949327133841,0.0006898936959665,-0.3588703008478028,0.48
blackbox,linear,42,50.0,500,0.03,main,blackbox_linear,150,,,,,0.0477928813433228,0.0140484790410244,0.0471029876473562,0.0006898936959665,1.0459760386386818,0.0333333333333333
blackbox,mlp,42,50.0,500,0.03,main,blackbox_mlp,150,,,,,0.0227568395175896,0.0177828538189329,0.0220669458216231,0.0006898936959665,1.0710120804644154,0.0133333333333333
dfl,linear,42,50.0,500,0.03,main,dfl_linear,150,0.0052220587331184,0.0050759553279294,0.0037239809773467,0.0035968544009242,0.0771067899201165,0.0129479123024954,0.0764168962241499,0.0006898936959665,1.0166621300618883,0.0533333333333333
dfl,mlp,42,50.0,500,0.03,main,dfl_mlp,150,0.006479723569537,0.0063471685167421,0.0052686545833391,0.0052285905784096,0.0298694369888274,0.0160131890800847,0.0291795432928608,0.0006898936959665,1.0638994829931772,0.0133333333333333
pto,linear,43,0.2,500,0.03,main,linear,150,0.0025269709617776,0.0025114949820014,0.0013815506293435,-0.0001262064387725,0.0051978357202061,0.003880298146366,0.0049966284449999,0.0002012072752061,1.0835239284515572,0.5133333333333333
pto,mlp,43,0.2,500,0.03,main,mlp,150,0.0019178616059193,0.001827139674267,0.0012177462194886,-0.0002846406036381,0.0049566546421229,0.0042165458448808,0.0047554473669167,0.0002012072752061,1.0837651095296403,0.54
pto,persistence,43,0.2,500,0.03,main,persistence,150,0.0018293209550733,0.0015942883845251,0.0011758277343176,-6.930225460807492e-05,0.0052876533806301,0.0040078614730436,0.0050864461054239,0.0002012072752061,1.0834341107911334,0.5333333333333333
pto,persistence_ma4,43,0.2,500,0.03,main,persistence_ma4,150,0.0019590177749413,0.0018520489204529,0.0013399806286317,-4.385268920912123e-05,0.0053999437564111,0.0046912368495652,0.0051987364812049,0.0002012072752061,1.083321820415352,0.5466666666666666
blackbox,linear,43,0.2,500,0.03,main,blackbox_linear,150,,,,,0.0049089779448752,0.0040897094704486,0.0047077706696691,0.0002012072752061,1.0838127862268885,0.46
blackbox,mlp,43,0.2,500,0.03,main,blackbox_mlp,150,,,,,0.0048325884234201,0.0037940700820398,0.0046313811482139,0.0002012072752061,1.083889175748343,0.4266666666666667
dfl,linear,43,0.2,500,0.03,main,dfl_linear,150,0.0051719654557447,0.0051672936588366,0.0019202691557126,0.001007075136588,0.005425176869449,0.0036457113857507,0.0052239695942428,0.0002012072752061,1.0832965873023148,0.4066666666666667
dfl,mlp,43,0.2,500,0.03,main,dfl_mlp,150,0.0022129653449984,0.0021173762120852,0.001314443719707,0.0002739720089036,0.0047564170570235,0.0038468742974894,0.0045552097818173,0.0002012072752061,1.0839653471147397,0.4133333333333333
pto,linear,43,1.0,500,0.03,main,linear,150,0.0025269709617776,0.0025114949820014,0.0013815506293435,-0.0001262064387725,0.022884639007179,0.0091871003373884,0.0224638481528011,0.0004207908543778,1.065837124775613,0.48
pto,mlp,43,1.0,500,0.03,main,mlp,150,0.0019178616059193,0.001827139674267,0.0012177462194886,-0.0002846406036381,0.0236507382522944,0.006746268089026,0.0232299473979165,0.0004207908543778,1.0650710255304978,0.5
pto,persistence,43,1.0,500,0.03,main,persistence,150,0.0018293209550733,0.0015942883845251,0.0011758277343176,-6.930225460807492e-05,0.0271951194003977,0.0081062046226476,0.0267743285460199,0.0004207908543778,1.0615266443823943,0.48
pto,persistence_ma4,43,1.0,500,0.03,main,persistence_ma4,150,0.0019590177749413,0.0018520489204529,0.0013399806286317,-4.385268920912123e-05,0.0233666616777367,0.0097344700314159,0.0229458708233589,0.0004207908543778,1.0653551021050556,0.5066666666666667
blackbox,linear,43,1.0,500,0.03,main,blackbox_linear,150,,,,,0.0103425532450456,0.0084388244664999,0.0099217623906678,0.0004207908543778,1.0783792105377463,0.0666666666666666
blackbox,mlp,43,1.0,500,0.03,main,blackbox_mlp,150,,,,,0.0091450886181024,0.0073738703321262,0.0087242977637245,0.0004207908543778,1.0795766751646898,0.0933333333333333
dfl,linear,43,1.0,500,0.03,main,dfl_linear,150,0.0060422476643868,0.0059453505870583,0.0032348954623558,0.0029881642781183,0.0113743280931717,0.0081825485722554,0.0109535372387938,0.0004207908543778,1.0773474356896202,0.0866666666666666
dfl,mlp,43,1.0,500,0.03,main,dfl_mlp,150,0.003098962743228,0.0029047744442817,0.0021542475309618,0.0019442103794451,0.0092707004475757,0.0071226364155589,0.0088499095931979,0.0004207908543778,1.0794510633352163,0.12
pto,linear,43,50.0,500,0.03,main,linear,150,0.0025269709617776,0.0025114949820014,0.0013815506293435,-0.0001262064387725,0.985698715270678,0.0101020368547031,0.9849747956927732,0.0007239195779046,0.1030230483852778,0.4466666666666666
pto,mlp,43,50.0,500,0.03,main,mlp,150,0.0019178616059193,0.001827139674267,0.0012177462194886,-0.0002846406036381,1.047256640504566,0.0099308791533915,1.0465327209266613,0.0007239195779046,0.0414651231513896,0.4666666666666667
pto,persistence,43,50.0,500,0.03,main,persistence,150,0.0018293209550733,0.0015942883845251,0.0011758277343176,-6.930225460807492e-05,1.2570815858807982,0.0089261158882761,1.2563576663028937,0.0007239195779046,-0.1683598222248428,0.44
pto,persistence_ma4,43,50.0,500,0.03,main,persistence_ma4,150,0.0019590177749413,0.0018520489204529,0.0013399806286317,-4.385268920912123e-05,1.0002546197649698,0.0142835509513093,0.9995307001870654,0.0007239195779046,0.0884671438909857,0.46
blackbox,linear,43,50.0,500,0.03,main,blackbox_linear,150,,,,,0.0188468462849515,0.0118015773824647,0.0181229267070469,0.0007239195779046,1.069874917371004,0.0066666666666666
blackbox,mlp,43,50.0,500,0.03,main,blackbox_mlp,150,,,,,0.0183214643212729,0.014665425167473,0.0175975447433682,0.0007239195779046,1.0704002993346826,0.0066666666666666
dfl,linear,43,50.0,500,0.03,main,dfl_linear,150,0.0048488403987889,0.0047186589755364,0.0036017255725381,0.0034470984222353,0.0642373139290792,0.0114581828563101,0.0635133943511745,0.0007239195779046,1.024484449726876,0.04
dfl,mlp,43,50.0,500,0.03,main,dfl_mlp,150,0.0090675371084781,0.0089766005158479,0.00567862137173,0.0056567022372643,0.0175425614655103,0.012771864976841,0.0168186418876056,0.0007239195779046,1.0711792021904452,0.0133333333333333
pto,linear,44,0.2,500,0.03,main,linear,150,0.0018067700718449,0.001682093330257,0.0009808198434362,9.72927751977971e-06,0.004263497199858,0.0034268848109491,0.0041117633889192,0.0001517338109387,1.0939564065922032,0.5
pto,mlp,44,0.2,500,0.03,main,mlp,150,0.0015312316350152,0.0014032186832509,0.0008669277507799,-4.426747472929723e-05,0.0041612248352675,0.0033098093378053,0.0040094910243287,0.0001517338109387,1.094058678956794,0.4333333333333333
pto,persistence,44,0.2,500,0.03,main,persistence,150,0.0017191525846102,0.0015521942671028,0.000932041737247,-2.9026824895210667e-05,0.0047494433983132,0.0035649552287218,0.0045977095873744,0.0001517338109387,1.0934704603937482,0.5133333333333333
pto,persistence_ma4,44,0.2,500,0.03,main,persistence_ma4,150,0.0018038187699143,0.0016874010515073,0.0010631176115581,-2.7907149882815095e-05,0.0049605817741195,0.0030824729266761,0.0048088479631807,0.0001517338109387,1.0932593220179418,0.5533333333333333
blackbox,linear,44,0.2,500,0.03,main,blackbox_linear,150,,,,,0.0041348545189702,0.0031133071177279,0.0039831207080314,0.0001517338109387,1.0940850492730911,0.4
blackbox,mlp,44,0.2,500,0.03,main,blackbox_mlp,150,,,,,0.0036121915984287,0.0024613244836062,0.0034604577874899,0.0001517338109387,1.0946077121936328,0.46
dfl,linear,44,0.2,500,0.03,main,dfl_linear,150,0.0032041560427726,0.0030869757802639,0.0013578679759763,0.000580803181998,0.0043084845511247,0.0033161603620278,0.0041567507401859,0.0001517338109387,1.0939114192409367,0.5133333333333333
dfl,mlp,44,0.2,500,0.03,main,dfl_mlp,150,0.0015477088706462,0.0014348393039105,0.0008818149545811,8.254624222432308e-05,0.0038682039652359,0.0028214131458755,0.0037164701542971,0.0001517338109387,1.0943516998268257,0.4333333333333333
pto,linear,44,1.0,500,0.03,main,linear,150,0.0018067700718449,0.001682093330257,0.0009808198434362,9.72927751977971e-06,0.0188080664297696,0.0063533061810864,0.0184818797334323,0.0003261866963372,1.0794118368137913,0.48
pto,mlp,44,1.0,500,0.03,main,mlp,150,0.0015312316350152,0.0014032186832509,0.0008669277507799,-4.426747472929723e-05,0.0172852942869216,0.0058745343830066,0.0169591075905843,0.0003261866963372,1.0809346089566392,0.4266666666666667
pto,persistence,44,1.0,500,0.03,main,persistence,150,0.0017191525846102,0.0015521942671028,0.000932041737247,-2.9026824895210667e-05,0.025109642278874,0.0072491357379005,0.0247834555825367,0.0003261866963372,1.0731102609646868,0.5
pto,persistence_ma4,44,1.0,500,0.03,main,persistence_ma4,150,0.0018038187699143,0.0016874010515073,0.0010631176115581,-2.7907149882815095e-05,0.0224721464057295,0.0090624626714932,0.0221459597093922,0.0003261866963372,1.0757477568378313,0.5333333333333333
blackbox,linear,44,1.0,500,0.03,main,blackbox_linear,150,,,,,0.009216958037388,0.0080680652538831,0.0088907713410507,0.0003261866963372,1.089002945206173,0.0666666666666666
blackbox,mlp,44,1.0,500,0.03,main,blackbox_mlp,150,,,,,0.0085820793849331,0.0062813958001726,0.0082558926885959,0.0003261866963372,1.0896378238586275,0.1333333333333333
dfl,linear,44,1.0,500,0.03,main,dfl_linear,150,0.0057559314530719,0.0056951808252283,0.0028428552388959,0.0027070295175291,0.0112190568554292,0.0089441747430732,0.0108928701590919,0.0003261866963372,1.0870008463881315,0.08
dfl,mlp,44,1.0,500,0.03,main,dfl_mlp,150,0.0024692787967805,0.002378485961839,0.0015601558840379,0.0013541995810254,0.0090109466738583,0.0067056239543569,0.008684759977521,0.0003261866963372,1.0892089565697023,0.1266666666666666
pto,linear,44,50.0,500,0.03,main,linear,150,0.0018067700718449,0.001682093330257,0.0009808198434362,9.72927751977971e-06,0.8137781624431611,0.0069203607971783,0.8131500974970765,0.0006280649460848,0.2844417408304453,0.4133333333333333
pto,mlp,44,50.0,500,0.03,main,mlp,150,0.0015312316350152,0.0014032186832509,0.0008669277507799,-4.426747472929723e-05,0.7297198546151371,0.0064823641338529,0.7290917896690523,0.0006280649460848,0.3685000486584695,0.4066666666666667
pto,persistence,44,50.0,500,0.03,main,persistence,150,0.0017191525846102,0.0015521942671028,0.000932041737247,-2.9026824895210667e-05,1.1837136374206227,0.0104702761377533,1.1830855724745375,0.0006280649460848,-0.0854937341470159,0.4533333333333333
pto,persistence_ma4,44,50.0,500,0.03,main,persistence_ma4,150,0.0018038187699143,0.0016874010515073,0.0010631176115581,-2.7907149882815095e-05,0.9887019198854272,0.0312536272483701,0.988073854939342,0.0006280649460848,0.1095179833881795,0.5066666666666667
blackbox,linear,44,50.0,500,0.03,main,blackbox_linear,150,,,,,0.0375299091275473,0.0129828980297727,0.0369018441814624,0.0006280649460848,1.0606899941460592,0.0266666666666666
blackbox,mlp,44,50.0,500,0.03,main,blackbox_mlp,150,,,,,0.0288901340702759,0.0177575173484761,0.028262069124191,0.0006280649460848,1.0693297692033308,0.02
dfl,linear,44,50.0,500,0.03,main,dfl_linear,150,0.0048984425564655,0.0047773777295063,0.0029146941097969,0.0027343903226842,0.1292824128283053,0.0109540466168748,0.1286543478822204,0.0006280649460848,0.9689374904453012,0.04
dfl,mlp,44,50.0,500,0.03,main,dfl_mlp,150,0.0065323054117639,0.0064554695120387,0.0043868446391647,0.0043393873115445,0.0243709362289986,0.0172218566644882,0.0237428712829137,0.0006280649460848,1.073848967044608,0.02
pto,linear,45,0.2,500,0.03,main,linear,150,0.0021363619433438,0.0017295609408699,0.0012730939002543,-0.0006235217826053,0.0048368063133556,0.0036002420498745,0.0046286179836263,0.0002081883297292,1.076581817484234,0.6
pto,mlp,45,0.2,500,0.03,main,mlp,150,0.0017982429400159,0.0013497517290321,0.0010080391079201,-0.0003194716088396,0.0035990304173338,0.002780648206723,0.0033908420876045,0.0002081883297292,1.0778195933802557,0.5666666666666667
pto,persistence,45,0.2,500,0.03,main,persistence,150,0.0020921983031858,0.0016186230860378,0.0012270397591349,4.180495259518296e-05,0.0040180147752788,0.0031287966852107,0.0038098264455495,0.0002081883297292,1.0774006090223105,0.4866666666666667
pto,persistence_ma4,45,0.2,500,0.03,main,persistence_ma4,150,0.0021820892044226,0.0017343793872184,0.0012655216509793,2.982415622813812e-06,0.0041649793466441,0.0031798595012164,0.0039567910169148,0.0002081883297292,1.077253644450945,0.5133333333333333
blackbox,linear,45,0.2,500,0.03,main,blackbox_linear,150,,,,,0.0048114281054567,0.0041596792434843,0.0046032397757274,0.0002081883297292,1.0766071956921326,0.5
blackbox,mlp,45,0.2,500,0.03,main,blackbox_mlp,150,,,,,0.0032530088998107,0.0025891155656969,0.0030448205700814,0.0002081883297292,1.0781656148977783,0.44
dfl,linear,45,0.2,500,0.03,main,dfl_linear,150,0.0033897138527043,0.003215094649306,0.0019727237437985,0.0006717212735752,0.004754104045553,0.0040269224239385,0.0045459157158237,0.0002081883297292,1.076664519752036,0.5
pto,linear,45,1.0,500,0.03,main,linear,150,0.0021363619433438,0.0017295609408699,0.0012730939002543,-0.0006235217826053,0.02653353759858,0.0140216868472106,0.026099617809241,0.000433919789339,1.0548850858152767,0.58
pto,mlp,45,1.0,500,0.03,main,mlp,150,0.0017982429400159,0.0013497517290321,0.0010080391079201,-0.0003194716088396,0.0178236354382796,0.0064412785643482,0.0173897156489405,0.000433919789339,1.0635949879755773,0.52
pto,persistence,45,1.0,500,0.03,main,persistence,150,0.0020921983031858,0.0016186230860378,0.0012270397591349,4.180495259518296e-05,0.019982551052931,0.0063199389646977,0.019548631263592,0.000433919789339,1.0614360723609255,0.4733333333333333
pto,persistence_ma4,45,1.0,500,0.03,main,persistence_ma4,150,0.0021820892044226,0.0017343793872184,0.0012655216509793,2.982415622813812e-06,0.0193450723488648,0.0074955216775757,0.0189111525595258,0.000433919789339,1.062073551064992,0.4933333333333333
blackbox,linear,45,1.0,500,0.03,main,blackbox_linear,150,,,,,0.0082108523867459,0.0067443038818828,0.0077769325974069,0.000433919789339,1.0732077710271108,0.1266666666666666
blackbox,mlp,45,1.0,500,0.03,main,blackbox_mlp,150,,,,,0.0066747347989398,0.0047952292720618,0.0062408150096008,0.000433919789339,1.0747438886149172,0.12
dfl,linear,45,1.0,500,0.03,main,dfl_linear,150,0.0064857837962446,0.0064609476491125,0.0037720082549336,0.003507005326768,0.0094707311890599,0.0062345770394675,0.0090368113997209,0.000433919789339,1.071947892224797,0.12
dfl,mlp,45,0.2,500,0.03,main,dfl_mlp,150,0.0017953570772239,0.001392560698711,0.0010434453901022,0.0001787245366799,0.0033422437621971,0.0026535685727352,0.0031340554324678,0.0002081883297292,1.0780763800353923,0.4533333333333333
dfl,mlp,45,1.0,500,0.03,main,dfl_mlp,150,0.0024373509982394,0.0022041880695188,0.0017413383165493,0.0015481200971096,0.0067630409963761,0.0046391181889969,0.006329121207037,0.000433919789339,1.074655582417481,0.1333333333333333
pto,linear,45,50.0,500,0.03,main,linear,150,0.0021363619433438,0.0017295609408699,0.0012730939002543,-0.0006235217826053,1.2036528671260196,0.4008588925736428,1.2028974635111531,0.0007554036148661,-0.1222342438061962,0.56
pto,mlp,45,50.0,500,0.03,main,mlp,150,0.0017982429400159,0.0013497517290321,0.0010080391079201,-0.0003194716088396,0.7511515665871652,0.0069104230422516,0.7503961629722992,0.0007554036148661,0.3302670567326581,0.4733333333333333
pto,persistence,45,50.0,500,0.03,main,persistence,150,0.0020921983031858,0.0016186230860378,0.0012270397591349,4.180495259518296e-05,0.8745065473414144,0.0075219000285514,0.8737511437265482,0.0007554036148661,0.2069120759784089,0.4533333333333333
pto,persistence_ma4,45,50.0,500,0.03,main,persistence_ma4,150,0.0021820892044226,0.0017343793872184,0.0012655216509793,2.982415622813812e-06,0.8215069615021673,0.0084894465226178,0.820751557887301,0.0007554036148661,0.2599116618176559,0.46
blackbox,linear,45,50.0,500,0.03,main,blackbox_linear,150,,,,,0.0543667114719014,0.0090959159688119,0.0536113078570353,0.0007554036148661,1.027051911847922,0.0333333333333333
blackbox,mlp,45,50.0,500,0.03,main,blackbox_mlp,150,,,,,0.0142607860903641,0.0085096501072754,0.0135053824754979,0.0007554036148661,1.0671578372294592,0.0066666666666666
dfl,linear,45,50.0,500,0.03,main,dfl_linear,150,0.0075297552995526,0.0075297635500293,0.0049211823920933,0.0048522583454303,0.0312919115548624,0.0084228358463932,0.0305365079399963,0.0007554036148661,1.050126711764961,0.0333333333333333
dfl,mlp,45,50.0,500,0.03,main,dfl_mlp,150,0.0047262741381738,0.0046222491290242,0.0037329765202948,0.0036740570160016,0.019558795848297,0.0077384245362265,0.0188033922334309,0.0007554036148661,1.0618598274715263,0.02
pto,linear,46,0.2,500,0.03,main,linear,150,0.0012655603753595,0.0010920687736985,0.0007501966715207,9.638177172774562e-05,0.0049655949245494,0.0037011892814954,0.0048348876124959,0.0001307073120534,1.0963948860751482,0.3333333333333333
pto,mlp,46,0.2,500,0.03,main,mlp,150,0.0012677539547335,0.0010995601061793,0.0007157982221949,0.0001059847545114,0.0044433621619192,0.0034184107172748,0.0043126548498657,0.0001307073120534,1.0969171188377784,0.3933333333333333
pto,persistence,46,0.2,500,0.03,main,persistence,150,0.0013359560432334,0.0011731225569333,0.0007903687374856,2.5682355897755493e-05,0.0051504511284899,0.0037962691813966,0.0050197438164364,0.0001307073120534,1.0962100298712076,0.4666666666666667
pto,persistence_ma4,46,0.2,500,0.03,main,persistence_ma4,150,0.00142312969114,0.0013096731147315,0.000851366157998,0.0001355546709638,0.0048020956764335,0.0033087972502705,0.00467138836438,0.0001307073120534,1.096558385323264,0.4333333333333333
blackbox,linear,46,0.2,500,0.03,main,blackbox_linear,150,,,,,0.0047923186930517,0.0039563837686363,0.0046616113809982,0.0001307073120534,1.096568162306646,0.2933333333333333
blackbox,mlp,46,0.2,500,0.03,main,blackbox_mlp,150,,,,,0.0042446919421842,0.0030944402153531,0.0041139846301307,0.0001307073120534,1.0971157890575134,0.3666666666666666
dfl,linear,46,0.2,500,0.03,main,dfl_linear,150,0.001340850729103,0.0011473698766771,0.0007646668558399,0.0001968537940413,0.0046971139864645,0.0036805262858109,0.004566406674411,0.0001307073120534,1.096663367013233,0.3466666666666667
dfl,mlp,46,0.2,500,0.03,main,dfl_mlp,150,0.0014093448679903,0.001229936930042,0.0007727978533067,0.0002523862967503,0.0044226146429692,0.003376633954211,0.0042919073309157,0.0001307073120534,1.0969378663567284,0.38
pto,linear,46,1.0,500,0.03,main,linear,150,0.0012655603753595,0.0010920687736985,0.0007501966715207,9.638177172774562e-05,0.0144615562507974,0.0067490642529385,0.0141355100791033,0.000326046171694,1.0868989243231555,0.3133333333333333
pto,mlp,46,1.0,500,0.03,main,mlp,150,0.0012677539547335,0.0010995601061793,0.0007157982221949,0.0001059847545114,0.0150186068699228,0.0060729768763092,0.0146925606982287,0.000326046171694,1.0863418737040305,0.38
pto,persistence,46,1.0,500,0.03,main,persistence,150,0.0013359560432334,0.0011731225569333,0.0007903687374856,2.5682355897755493e-05,0.0260311225792197,0.007241769895584,0.0257050764075256,0.000326046171694,1.0753293579947334,0.44
pto,persistence_ma4,46,1.0,500,0.03,main,persistence_ma4,150,0.00142312969114,0.0013096731147315,0.000851366157998,0.0001355546709638,0.0192442253376385,0.0071181812904556,0.0189181791659445,0.000326046171694,1.0821162552363144,0.4133333333333333
blackbox,linear,46,1.0,500,0.03,main,blackbox_linear,150,,,,,0.0122614712559694,0.0101048759060778,0.0119354250842753,0.000326046171694,1.0890990093179838,0.0666666666666666
blackbox,mlp,46,1.0,500,0.03,main,blackbox_mlp,150,,,,,0.0099402669455558,0.0085159883329389,0.0096142207738618,0.000326046171694,1.0914202136283973,0.0866666666666666
dfl,linear,46,1.0,500,0.03,main,dfl_linear,150,0.0027453625471764,0.0025783572865422,0.0018718123584211,0.0017444143818771,0.0109845117448402,0.0092243534757068,0.0106584655731462,0.000326046171694,1.090375968829113,0.08
dfl,mlp,46,1.0,500,0.03,main,dfl_mlp,150,0.0022716454650926,0.0021274179932899,0.0016567290470151,0.0015211812177442,0.010734839597178,0.0091205373725081,0.0104087934254839,0.000326046171694,1.0906256409767752,0.0733333333333333
pto,linear,46,50.0,500,0.03,main,linear,150,0.0012655603753595,0.0010920687736985,0.0007501966715207,9.638177172774562e-05,0.523600037428085,0.0072569913872055,0.5229873844146805,0.0006126530134047,0.5777604429192619,0.28
pto,mlp,46,50.0,500,0.03,main,mlp,150,0.0012677539547335,0.0010995601061793,0.0007157982221949,0.0001059847545114,0.5849532775646294,0.0067250004423224,0.5843406245512249,0.0006126530134047,0.5164072027827176,0.3266666666666666
pto,persistence,46,50.0,500,0.03,main,persistence,150,0.0013359560432334,0.0011731225569333,0.0007903687374856,2.5682355897755493e-05,1.2270247826861114,0.0080227491725938,1.2264121296727064,0.0006126530134047,-0.1256643023387643,0.4066666666666667
pto,persistence_ma4,46,50.0,500,0.03,main,persistence_ma4,150,0.00142312969114,0.0013096731147315,0.000851366157998,0.0001355546709638,0.8222190158819129,0.0086188985972693,0.8216063628685081,0.0006126530134047,0.2791414644654341,0.3866666666666666
blackbox,linear,46,50.0,500,0.03,main,blackbox_linear,150,,,,,0.0204587352203697,0.0190875287261295,0.019846082206965,0.0006126530134047,1.0809017451269776,0.0066666666666666
blackbox,mlp,46,50.0,500,0.03,main,blackbox_mlp,150,,,,,0.0187663728295079,0.0193797345060611,0.0181537198161032,0.0006126530134047,1.0825941075178394,0.0
dfl,linear,46,50.0,500,0.03,main,dfl_linear,150,0.0037497996646692,0.003605735964001,0.0028127044252206,0.0027778098509106,0.0317839701063712,0.0130829442505006,0.0311713170929665,0.0006126530134047,1.0695765102409758,0.0133333333333333
dfl,mlp,46,50.0,500,0.03,main,dfl_mlp,150,0.0043578592512844,0.0042760312090535,0.0041072091380723,0.0040962731442805,0.0185943245040116,0.019484388504991,0.0179816714906069,0.0006126530134047,1.0827661558433357,0.0
pto,linear,42,10.0,150,0.03,main,linear,45,0.0026719225694058,0.0025551291445481,0.0016959676375928,-0.0004432833584111,0.37745181846059,0.1165394827409831,0.3769469169998777,0.0005049014607123,0.7183016208905214,0.5555555555555556
pto,mlp,42,10.0,150,0.03,main,mlp,45,0.0021876384537429,0.001984805202361,0.0012689066699982,-0.0005315571657364,0.281361505064558,0.0064749080195385,0.2808566036038458,0.0005049014607123,0.8143919342865533,0.4222222222222222
pto,persistence,42,10.0,150,0.03,main,persistence,45,0.0023378701525553,0.0021713909548067,0.0013452927103303,-8.769741566237054e-05,0.3116872598455574,0.0312739647178872,0.3111823583848451,0.0005049014607123,0.7840661795055539,0.5333333333333333
pto,persistence_ma4,42,10.0,150,0.03,main,persistence_ma4,45,0.0024754911519463,0.0023604114729001,0.0015145108139029,-0.0004009338889116,0.3201192507406343,0.0128508137208083,0.319614349279922,0.0005049014607123,0.7756341886104772,0.5111111111111111
blackbox,linear,42,10.0,150,0.03,main,blackbox_linear,45,,,,,0.2666267899458965,0.0198917701747012,0.2661218884851842,0.0005049014607123,0.8291266494052147,0.3555555555555555
blackbox,mlp,42,10.0,150,0.03,main,blackbox_mlp,45,,,,,0.1280609108241032,0.0140179738065555,0.1275560093633909,0.0005049014607123,0.967692528527008,0.0888888888888888
dfl,linear,42,10.0,150,0.03,main,dfl_linear,45,0.0057223570404887,0.0054362019648092,0.0034915179695911,0.0025106187432504,0.1738405986054857,0.0174637776051671,0.1733356971447734,0.0005049014607123,0.9219128407456256,0.1777777777777777
dfl,mlp,42,10.0,150,0.03,main,dfl_mlp,45,0.0069340967385217,0.0066236893927169,0.0043607058510509,0.0037251950555912,0.123502602429341,0.0151132992355418,0.1229977009686286,0.0005049014607123,0.9722508369217704,0.0888888888888888
pto,linear,42,10.0,300,0.03,main,linear,90,0.002637817764574,0.0024750901031033,0.0014327724380644,9.346240929976045e-05,0.2972081971111036,0.0147944527476231,0.2966340235654605,0.0005741735456431,0.7971376931547335,0.4888888888888889
pto,mlp,42,10.0,300,0.03,main,mlp,90,0.0017636534809264,0.0016146530180327,0.0010905491398181,-0.0001052080903996,0.2563233796792458,0.0076899790197363,0.2557492061336027,0.0005741735456431,0.8380225105865914,0.4222222222222222
pto,persistence,42,10.0,300,0.03,main,persistence,90,0.001668551574215,0.0014947944290325,0.0010705482577164,-4.754527855790142e-05,0.2929781056735528,0.0146301457844437,0.2924039321279096,0.0005741735456431,0.8013677845922842,0.4888888888888889
pto,persistence_ma4,42,10.0,300,0.03,main,persistence_ma4,90,0.001984859282187,0.001837786925877,0.0012153390890413,-7.496274599143417e-05,0.2477952751434577,0.009522022090121,0.2472211015978145,0.0005741735456431,0.8465506151223795,0.4333333333333333
blackbox,linear,42,10.0,300,0.03,main,blackbox_linear,90,,,,,0.0381910149549647,0.0121543647460038,0.0376168414093215,0.0005741735456431,1.0561548753108725,0.0888888888888888
blackbox,mlp,42,10.0,300,0.03,main,blackbox_mlp,90,,,,,0.0178938728092357,0.0154699951261961,0.0173196992635926,0.0005741735456431,1.0764520174566012,0.0222222222222222
dfl,linear,42,10.0,300,0.03,main,dfl_linear,90,0.0086351906671011,0.0085409034022686,0.0040389611821826,0.0038837318624817,0.0347852409431664,0.0101703010172758,0.0342110673975233,0.0005741735456431,1.0595606493226706,0.0777777777777777
dfl,mlp,42,10.0,300,0.03,main,dfl_mlp,90,0.0086095431262948,0.0085094135892454,0.0046177805041039,0.0046029776291334,0.0163937354309236,0.0128789324642898,0.0158195618852805,0.0005741735456431,1.0779521548349134,0.0111111111111111
pto,linear,42,10.0,1000,0.03,main,linear,300,0.0030119737057591,0.0028497276095011,0.0014549951578402,0.0003463364654207,0.1773878357920845,0.0073472265640456,0.1768734417633255,0.000514394028759,0.9128694832490076,0.4266666666666667
pto,mlp,42,10.0,1000,0.03,main,mlp,300,0.0019025476195752,0.0016407706021169,0.0010208432783896,-6.818196498146061e-05,0.1486238682842013,0.0085895342586559,0.1481094742554423,0.000514394028759,0.9416334507568908,0.4766666666666667
pto,persistence,42,10.0,1000,0.03,main,persistence,300,0.0017620198351604,0.001451814627514,0.0009644772890778,5.752996246758313e-05,0.1773596449117029,0.0112147480072167,0.1768452508829439,0.000514394028759,0.9128976741293892,0.4933333333333333
pto,persistence_ma4,42,10.0,1000,0.03,main,persistence_ma4,300,0.0018985288040569,0.0015190637939999,0.0010262045420282,4.976430734896793e-05,0.1547718478252803,0.0070797127075608,0.1542574537965213,0.000514394028759,0.935485471215812,0.43
blackbox,linear,42,10.0,1000,0.03,main,blackbox_linear,300,,,,,0.0144537212680075,0.0099275236752451,0.0139393272392485,0.000514394028759,1.0758035977730849,0.01
pto,linear,42,10.0,500,0.1,main,linear,150,0.0025400417809734,0.0018655660048217,0.0012416148371097,-0.0003117276020867,0.236714869915842,0.0104826601166739,0.2355909726107441,0.0011238973050978,0.857257330872075,0.4333333333333333
pto,mlp,42,10.0,500,0.1,main,mlp,150,0.002377060559663,0.0016912026836241,0.0011756953870935,-0.000360650722067,0.2172953926106289,0.0099918705427137,0.2161714953055311,0.0011238973050978,0.8766768081772879,0.4666666666666667
pto,persistence,42,10.0,500,0.1,main,persistence,150,0.0027964199407554,0.002251849203903,0.0015143630316815,-0.0001380666538925,0.4867051413219622,0.1487523929710344,0.4855812440168645,0.0011238973050978,0.6072670594659547,0.56
pto,persistence_ma4,42,10.0,500,0.1,main,persistence_ma4,150,0.0026077042379819,0.0019990983953977,0.0014855494698091,-0.0001486354616102,0.353366435824005,0.017170467076537,0.3522425385189071,0.0011238973050978,0.7406057649639118,0.4666666666666667
blackbox,linear,42,10.0,500,0.1,main,blackbox_linear,150,,,,,0.0197994164388558,0.0133142745423208,0.018675519133758,0.0011238973050978,1.074172784349061,0.0266666666666666
blackbox,mlp,42,10.0,1000,0.03,main,blackbox_mlp,300,,,,,0.0118273404625811,0.0110536001138884,0.0113129464338221,0.000514394028759,1.078429978578511,0.01
blackbox,mlp,42,10.0,500,0.1,main,blackbox_mlp,150,,,,,0.0190148714000304,0.0160173055953601,0.0178909740949325,0.0011238973050978,1.0749573293878862,0.0266666666666666
dfl,linear,42,10.0,500,0.1,main,dfl_linear,150,0.0053798675442157,0.0049765104529104,0.0035661301549451,0.0034164459166218,0.0245720569027009,0.0129553540198767,0.023448159597603,0.0011238973050978,1.069400143885216,0.0533333333333333
dfl,linear,42,10.0,1000,0.03,main,dfl_linear,300,0.0100115672970112,0.0100285588386423,0.0056945809494254,0.0056612837613158,0.015895481878463,0.0119530993351397,0.015381087849704,0.000514394028759,1.0743618371626291,0.0166666666666666
dfl,mlp,42,10.0,500,0.1,main,dfl_mlp,150,0.0041967865643853,0.003733591897389,0.0032290787674327,0.0031326319942662,0.0186651170430566,0.0143179035158924,0.0175412197379587,0.0011238973050978,1.0753070837448604,0.02
pto,linear,42,10.0,500,0.25,main,linear,150,0.0032947992481128,0.0018726592592073,0.0012642585678928,-0.0003522045455306,0.1981737213594121,0.0119702041007304,0.1960644618698029,0.0021092594896092,0.896062265349863,0.4466666666666666
pto,mlp,42,10.0,500,0.25,main,mlp,150,0.0031638921513425,0.0017556691913483,0.0012181647990783,-0.000374875421843,0.1848198596482364,0.00865120545561,0.1827106001586272,0.0021092594896092,0.9094161270610388,0.3666666666666666
pto,persistence,42,10.0,500,0.25,main,persistence,150,0.0040420276863718,0.0030600291765399,0.0020432082139768,-0.0002234465326773,0.8275913852997004,0.3011346045455505,0.8254821258100913,0.0021092594896092,0.2666446014095749,0.5733333333333334
pto,persistence_ma4,42,10.0,500,0.25,main,persistence_ma4,150,0.003494616241348,0.0022444504645257,0.0016758714144842,-0.0002403961713967,0.447714055393703,0.0274191580879549,0.4456047959040937,0.0021092594896092,0.6465219313155722,0.4866666666666667
blackbox,linear,42,10.0,500,0.25,main,blackbox_linear,150,,,,,0.0205140523887791,0.0145120286001693,0.0184047928991699,0.0021092594896092,1.073721934320496,0.0333333333333333
blackbox,mlp,42,10.0,500,0.25,main,blackbox_mlp,150,,,,,0.0196193730498046,0.0165694427683149,0.0175101135601953,0.0021092594896092,1.0746166136594708,0.02
dfl,linear,42,10.0,500,0.25,main,dfl_linear,150,0.0056944674924183,0.004793309924071,0.0034398588799177,0.0032679775272907,0.0220696939090627,0.0134150466243965,0.0199604344194535,0.0021092594896092,1.0721662928002127,0.04
dfl,mlp,42,10.0,500,0.25,main,dfl_mlp,150,0.0042067572148592,0.0030974481807382,0.0027180421034413,0.0025154926732904,0.0189896963641499,0.0149165696283608,0.0168804368745407,0.0021092594896092,1.0752462903451252,0.0266666666666666
pto,linear,42,10.0,500,0.5,main,linear,150,0.0042683459419863,0.0018538904198077,0.0012787488245046,-0.0003889125821234,0.1482437097473866,0.010092952936804,0.1446753926767001,0.0035683170706864,0.9463001552977603,0.3533333333333333
pto,mlp,42,10.0,500,0.5,main,mlp,150,0.0041802017926099,0.0018035753710854,0.0012271387380891,-0.0003538888316966,0.1333578694103607,0.0087066554210762,0.1297895523396742,0.0035683170706864,0.961185995634786,0.2733333333333333
pto,persistence,42,10.0,500,0.5,main,persistence,150,0.0055953364115548,0.0041104282282203,0.0026906467936223,-0.0003215283400091,1.3237121939821044,0.6106920138779407,1.3201438769114178,0.0035683170706864,-0.229168328936957,0.6066666666666667
pto,persistence_ma4,42,10.0,500,0.5,main,persistence_ma4,150,0.0046486728571982,0.0026027922269626,0.0019567029989849,-0.0003464726141304,0.5980975494357574,0.031396944152327,0.5945292323650709,0.0035683170706864,0.4964463156093896,0.4933333333333333
blackbox,linear,42,10.0,500,0.5,main,blackbox_linear,150,,,,,0.0170942674773479,0.014184503851743,0.0135259504066615,0.0035683170706864,1.0774495975677991,0.02
blackbox,mlp,42,10.0,500,0.5,main,blackbox_mlp,150,,,,,0.0201330471809341,0.017018131788034,0.0165647301102477,0.0035683170706864,1.0744108178642129,0.02
dfl,linear,42,10.0,500,0.5,main,dfl_linear,150,0.0058573402670855,0.0039968839122177,0.0029608048572856,0.0027254966732836,0.0227601063306468,0.0147411810048573,0.0191917892599603,0.0035683170706864,1.0717837587145,0.0466666666666666
dfl,mlp,42,10.0,1000,0.03,main,dfl_mlp,300,0.0074081399588323,0.0074005013469674,0.0043024172953163,0.0042783806128957,0.0119951434177402,0.0106147726730368,0.0114807493889812,0.000514394028759,1.0782621756233517,0.01
pto,linear,43,10.0,150,0.03,main,linear,45,0.0040721929767705,0.0035257168654694,0.0020689349617367,0.000687448183009,0.272590905391774,0.0088374951645342,0.2720654463020625,0.0005254590897114,0.8186982953215246,0.4
pto,mlp,43,10.0,150,0.03,main,mlp,45,0.0021180193989915,0.0017761043938607,0.0012629479876073,-0.0005669847189379,0.2254762190382418,0.0164442878441106,0.2249507599485303,0.0005254590897114,0.8658129816750567,0.5555555555555556
pto,persistence,43,10.0,150,0.03,main,persistence,45,0.002392878153742,0.0020381604866113,0.0013794229599247,-4.613306834755049e-05,0.2361667406378519,0.0125000822830751,0.2356412815481404,0.0005254590897114,0.8551224600754468,0.4666666666666667
pto,persistence_ma4,43,10.0,150,0.03,main,persistence_ma4,45,0.0020460876488592,0.0019572043642119,0.0013012046978772,-0.0003239964587859,0.2402376042479988,0.0141310516950858,0.2397121451582874,0.0005254590897114,0.8510515964652997,0.5111111111111111
blackbox,linear,43,10.0,150,0.03,main,blackbox_linear,45,,,,,0.0458483131333222,0.0122246307595108,0.0453228540436108,0.0005254590897114,1.0454408875799763,0.1111111111111111
blackbox,mlp,43,10.0,150,0.03,main,blackbox_mlp,45,,,,,0.0945120144212035,0.0158648468447029,0.0939865553314921,0.0005254590897114,0.9967771862920948,0.1111111111111111
dfl,linear,43,10.0,150,0.03,main,dfl_linear,45,0.0048262482898981,0.0045496222239025,0.0029995331567101,0.0014243876063127,0.2755937899552844,0.0155624008388355,0.275068330865573,0.0005254590897114,0.815695410758014,0.3555555555555555
dfl,mlp,43,10.0,150,0.03,main,dfl_mlp,45,0.0055273040683114,0.0054067058499143,0.0036697788767324,0.0033448179390454,0.0540013591074998,0.01510757049958,0.0534759000177884,0.0005254590897114,1.0372878416057985,0.0888888888888888
pto,linear,43,10.0,300,0.03,main,linear,90,0.0015763602611564,0.001357985937005,0.0009687084947022,-0.0003593822748081,0.2797637901135906,0.0136115728503738,0.2792936268298179,0.0004701632837727,0.8161235943505838,0.4777777777777778
pto,mlp,43,10.0,300,0.03,main,mlp,90,0.0014552764606819,0.0011225490422464,0.0007632289237589,-0.0001181994790823,0.1571107605508382,0.0074155459548134,0.1566405972670654,0.0004701632837727,0.938776623913336,0.4
pto,persistence,43,10.0,300,0.03,main,persistence,90,0.00152695556127,0.0012206403176067,0.0008336579848251,0.0001064509758485,0.2165166907592254,0.008272492258503,0.2160465274754526,0.0004701632837727,0.8793706937049489,0.4111111111111111
pto,persistence_ma4,43,10.0,300,0.03,main,persistence_ma4,90,0.0016613604834215,0.0013218511960928,0.0008963298749516,0.0001174522870795,0.169543491019304,0.0068710645119156,0.1690733277355312,0.0004701632837727,0.9263438934448704,0.3555555555555555
blackbox,linear,43,10.0,300,0.03,main,blackbox_linear,90,,,,,0.0146579434505192,0.0123946342137017,0.0141877801667464,0.0004701632837727,1.0812294410136554,0.0222222222222222
blackbox,mlp,43,10.0,300,0.03,main,blackbox_mlp,90,,,,,0.0174995493129875,0.0135307309238256,0.0170293860292148,0.0004701632837727,1.0783878351511869,0.0111111111111111
dfl,mlp,42,10.0,500,0.5,main,dfl_mlp,150,0.004675542721988,0.0025946358621522,0.0022749594550344,0.0018197052566746,0.0197410866579348,0.0151376447249764,0.0161727695872484,0.0035683170706864,1.0748027783872125,0.0333333333333333
pto,linear,43,10.0,500,0.1,main,linear,150,0.0031781195643078,0.0029070916098511,0.0014890336044065,-0.0001021739988912,0.1866887064842949,0.00939093460003,0.1854189614329519,0.001269745051343,0.9022183590159308,0.42
dfl,linear,43,10.0,300,0.03,main,dfl_linear,90,0.0024208898958709,0.0023679923117953,0.001981010421446,0.0018812715527713,0.0186128629079461,0.0104690717764099,0.0181426996241733,0.0004701632837727,1.0772745215562285,0.0444444444444444
pto,mlp,43,10.0,500,0.1,main,mlp,150,0.0025439852983467,0.0020341671555028,0.0012937331474335,-0.0003170928870652,0.1951468000864953,0.0081716899791713,0.1938770550351523,0.001269745051343,0.8937602654137307,0.42
pto,persistence,43,10.0,500,0.1,main,persistence,150,0.0028360560031699,0.0022646495172475,0.0016453767210944,-0.0001370169416425,0.4091245534425449,0.0151511165456758,0.407854808391202,0.001269745051343,0.679782512057681,0.4866666666666667
pto,persistence_ma4,43,10.0,500,0.1,main,persistence_ma4,150,0.0026379055052536,0.0020944368806681,0.001483955633207,-0.0001101891548884,0.2292592141553059,0.0148953120623146,0.2279894691039629,0.001269745051343,0.8596478513449199,0.4733333333333333
blackbox,linear,43,10.0,500,0.1,main,blackbox_linear,150,,,,,0.0137025279208354,0.0112481694492065,0.0124327828694923,0.001269745051343,1.0752045375793906,0.0066666666666666
blackbox,mlp,43,10.0,500,0.1,main,blackbox_mlp,150,,,,,0.0137380172589936,0.0116759067408284,0.0124682722076505,0.001269745051343,1.0751690482412324,0.0066666666666666
dfl,mlp,43,10.0,300,0.03,main,dfl_mlp,90,0.0032269281977865,0.0031330829382449,0.0028791557405196,0.0028345216833063,0.0153530690922302,0.0121230011485409,0.0148829058084574,0.0004701632837727,1.080534315371944,0.0222222222222222
dfl,linear,43,10.0,500,0.1,main,dfl_linear,150,0.0049368574387949,0.0045332337674048,0.0034397190311753,0.0032301059635962,0.0226832608022746,0.0111724689193635,0.0214135157509316,0.001269745051343,1.0662238046979513,0.0533333333333333
pto,linear,43,10.0,1000,0.03,main,linear,300,0.0018914429783035,0.0016899407170585,0.0011532760181394,-0.000225206192694,0.1992558605951455,0.0086996032659562,0.1987199319815926,0.0005359286135528,0.8918444049331659,0.44
pto,mlp,43,10.0,1000,0.03,main,mlp,300,0.0016708109436274,0.0014445006861771,0.0010047722107661,-0.0002030789958416,0.1755130952816541,0.0080347993163258,0.1749771666681012,0.0005359286135528,0.9155871702466571,0.4233333333333333
pto,persistence,43,10.0,1000,0.03,main,persistence,300,0.0017704409332146,0.0015272672115098,0.0011048667447802,3.7115950836754865e-05,0.2400407118216419,0.009058414981949,0.239504783208089,0.0005359286135528,0.8510595537066693,0.4466666666666666
pto,persistence_ma4,43,10.0,1000,0.03,main,persistence_ma4,300,0.0019210659802068,0.0017418426733606,0.0012367475403707,8.422527034881654e-05,0.2074629916210215,0.0106768743414136,0.2069270630074687,0.0005359286135528,0.8836372739072896,0.4266666666666667
blackbox,linear,43,10.0,1000,0.03,main,blackbox_linear,300,,,,,0.0157451016430322,0.0125285029934916,0.0152091730294793,0.0005359286135528,1.075355163885279,0.0233333333333333
blackbox,mlp,43,10.0,1000,0.03,main,blackbox_mlp,300,,,,,0.0155387448666844,0.0121924922919772,0.0150028162531315,0.0005359286135528,1.075561520661627,0.01
dfl,mlp,43,10.0,500,0.1,main,dfl_mlp,150,0.0070864270402251,0.006777597977426,0.0043116684158146,0.0042484619326254,0.016612999221476,0.0116111187416515,0.015343254170133,0.001269745051343,1.0722940662787497,0.02
pto,linear,43,10.0,500,0.25,main,linear,150,0.0041770457769183,0.0033305209178798,0.0015625810615257,-4.368482322263334e-05,0.1534079152779587,0.0080898343154592,0.1509903968036069,0.0024175184743518,0.935704782365062,0.3133333333333333
pto,mlp,43,10.0,500,0.25,main,mlp,150,0.0035350098480723,0.0020907714950792,0.0013282294120051,-0.0003741719380656,0.1621567812459881,0.0081696511711714,0.1597392627716362,0.0024175184743518,0.9269559163970326,0.36
pto,persistence,43,10.0,500,0.25,main,persistence,150,0.0044300127072854,0.0033840675686697,0.002392601102897,-0.0002034053376772,0.7060006054599771,0.1143360650623951,0.7035830869856253,0.0024175184743518,0.3831120921830436,0.56
pto,persistence_ma4,43,10.0,500,0.25,main,persistence_ma4,150,0.0037973458467154,0.0025487678788367,0.0017613114616751,-0.0001776239566495,0.2890491413634403,0.0128931476781855,0.2866316228890884,0.0024175184743518,0.8000635562795805,0.42
blackbox,linear,43,10.0,500,0.25,main,blackbox_linear,150,,,,,0.0157531960741477,0.0116764435542648,0.0133356775997958,0.0024175184743518,1.073359501568873,0.02
blackbox,mlp,43,10.0,500,0.25,main,blackbox_mlp,150,,,,,0.0144282835769148,0.0124962612271289,0.0120107651025629,0.0024175184743518,1.0746844140661058,0.0066666666666666
dfl,linear,43,10.0,500,0.25,main,dfl_linear,150,0.004894496428952,0.0037803890890394,0.0029870132739489,0.0027087258352573,0.0216039885843573,0.0119388270664052,0.0191864701100055,0.0024175184743518,1.0675087090586637,0.0466666666666666
dfl,linear,43,10.0,1000,0.03,main,dfl_linear,300,0.0061586808291026,0.0060853948934531,0.0043996950435491,0.0043621287506591,0.0160267699903065,0.0126952246377819,0.0154908413767536,0.0005359286135528,1.0750734955380048,0.0133333333333333
dfl,mlp,43,10.0,500,0.25,main,dfl_mlp,150,0.0065862802500501,0.0057342720130324,0.0038220110207676,0.0037227113474146,0.0171932784615481,0.0124629396989944,0.0147757599871962,0.0024175184743518,1.0719194191814727,0.0266666666666666
pto,linear,43,10.0,500,0.5,main,linear,150,0.0053866810616084,0.0034638110620882,0.0015859715520652,-2.9540462513939676e-05,0.1124771316048025,0.0081536859441312,0.1083314339462216,0.0041456976585808,0.9768387023543188,0.24
pto,mlp,43,10.0,500,0.5,main,mlp,150,0.0049186144389553,0.0019729085575919,0.0012951225573855,-0.000440178653475,0.1157010256938896,0.0073916071620904,0.1115553280353087,0.0041456976585808,0.9736148082652316,0.2533333333333333
pto,persistence,43,10.0,500,0.5,main,persistence,150,0.0065225641038763,0.0048557739463737,0.003243974668415,-0.0002531600518969,1.1805441176473994,0.4293275317247515,1.1763984199888189,0.0041456976585808,-0.0912282836882781,0.58
pto,persistence_ma4,43,10.0,500,0.5,main,persistence_ma4,150,0.0053318556221833,0.0032044455421411,0.0022239849683473,-0.0002317367117715,0.418975398866576,0.0166273463190856,0.4148297012079951,0.0041456976585808,0.6703404350925454,0.4533333333333333
blackbox,linear,43,10.0,500,0.5,main,blackbox_linear,150,,,,,0.0174430979169311,0.0124153545820643,0.0132974002583503,0.0041456976585808,1.0718727360421902,0.02
blackbox,mlp,43,10.0,500,0.5,main,blackbox_mlp,150,,,,,0.0152758609556758,0.0135916515401564,0.0111301632970949,0.0041456976585808,1.0740399730034451,0.0066666666666666
dfl,linear,43,10.0,500,0.5,main,dfl_linear,150,0.0057669842525507,0.0034351008340838,0.0027250195809664,0.0023406593648081,0.0222519136096194,0.0128466544953012,0.0181062159510386,0.0041456976585808,1.0670639203495018,0.02
dfl,mlp,43,10.0,500,0.5,main,dfl_mlp,150,0.0061508527346598,0.0039151361851774,0.0029582477374201,0.0027751172365606,0.0196074003978164,0.0130315691618315,0.0154617027392355,0.0041456976585808,1.069708433561305,0.02
pto,linear,44,10.0,500,0.1,main,linear,150,0.0021782827173667,0.0017193873224121,0.0010025376714316,3.440611113200318e-05,0.15463484250789,0.0072265932014086,0.1536176812149065,0.0010171612929835,0.9436328597650508,0.3933333333333333
pto,mlp,44,10.0,500,0.1,main,mlp,150,0.0019810514746631,0.0014719581167621,0.0009381511580379,3.875264066231521e-06,0.1298987508868228,0.0064852875409001,0.1288815895938393,0.0010171612929835,0.968368951386118,0.32
pto,persistence,44,10.0,500,0.1,main,persistence,150,0.0025842371980073,0.0021192255651095,0.0013110723493409,-4.644863176885505e-05,0.426777569309467,0.0269548485423474,0.4257604080164834,0.0010171612929835,0.6714901329634739,0.5133333333333333
pto,persistence_ma4,44,10.0,500,0.1,main,persistence_ma4,150,0.0023290283233571,0.0018686394461342,0.0011869261774768,-4.074908365129319e-05,0.2405676421647602,0.0153418512202418,0.2395504808717766,0.0010171612929835,0.8577000601081805,0.4666666666666667
blackbox,linear,44,10.0,500,0.1,main,blackbox_linear,150,,,,,0.0178153576079636,0.0122423669312056,0.01679819631498,0.0010171612929835,1.0804523446649774,0.0266666666666666
blackbox,mlp,44,10.0,500,0.1,main,blackbox_mlp,150,,,,,0.0172853329194211,0.0135833528049026,0.0162681716264376,0.0010171612929835,1.08098236935352,0.0266666666666666
dfl,linear,44,10.0,500,0.1,main,dfl_linear,150,0.0048077369531646,0.0044837987052887,0.0027769155426984,0.002577553208008,0.0362166153686914,0.0107470897712979,0.0351994540757078,0.0010171612929835,1.0620510869042497,0.0466666666666666
dfl,mlp,44,10.0,500,0.1,main,dfl_mlp,150,0.0035829858205589,0.0032990645223679,0.0026992674232101,0.0025946200455293,0.018481099061576,0.0148342375826541,0.0174639377685925,0.0010171612929835,1.0797866032113648,0.0333333333333333
pto,linear,44,10.0,500,0.25,main,linear,150,0.0028718037035555,0.0018225139625762,0.0010238531661796,9.539566672434144e-05,0.1102128171164759,0.0079390658283668,0.1082934621987522,0.0019193549177237,0.9881284403668602,0.3066666666666666
dfl,mlp,43,10.0,1000,0.03,main,dfl_mlp,300,0.0041263647523915,0.0040283533227268,0.0034856476318846,0.003446465927647,0.0151224331594901,0.0122654965151278,0.0145865045459372,0.0005359286135528,1.0759778323688212,0.0166666666666666
pto,linear,44,10.0,150,0.03,main,linear,45,0.0014477517845739,0.0013981729318949,0.0010678849171688,0.000613340749061,0.1028144862003737,0.0094063243848694,0.1024109212615893,0.0004035649387843,0.9991477704099077,0.2222222222222222
pto,mlp,44,10.0,500,0.25,main,mlp,150,0.002710135814084,0.0015415743079587,0.0010178509783929,0.0001058128872174,0.0942929886070784,0.0077749759391089,0.0923736336893547,0.0019193549177237,1.0040482688762575,0.28
pto,persistence,44,10.0,500,0.25,main,persistence,150,0.0037592274918097,0.0028888788971767,0.0018494916035682,-6.876960038934105e-05,0.7673537780849888,0.2487683078394351,0.7654344231672652,0.0019193549177237,0.330987479398347,0.5466666666666666
pto,persistence_ma4,44,10.0,500,0.25,main,persistence_ma4,150,0.0031582748958636,0.0021486031476763,0.0014000420538829,-5.609947644500539e-05,0.3188640261017328,0.015254544063512,0.316944671184009,0.0019193549177237,0.7794772313816033,0.4533333333333333
pto,mlp,44,10.0,150,0.03,main,mlp,45,0.0013215908806684,0.00121269139769,0.0008612457590627,0.0001261041930848,0.1677988068444541,0.0090830153402194,0.1673952419056698,0.0004035649387843,0.9341634497658272,0.3111111111111111
pto,persistence,44,10.0,150,0.03,main,persistence,45,0.0012857235544474,0.0011532914832824,0.000786512751228,0.0001545298591968,0.194184526420243,0.0111688788719956,0.1937809614814586,0.0004035649387843,0.9077777301900384,0.4222222222222222
pto,persistence_ma4,44,10.0,150,0.03,main,persistence_ma4,45,0.0015160856679221,0.0014622048587697,0.0011320231116455,0.0001809015654994,0.2508970684943148,0.0134570544609329,0.2504935035555305,0.0004035649387843,0.8510651881159664,0.4
blackbox,linear,44,10.0,150,0.03,main,blackbox_linear,45,,,,,0.0727699709046287,0.015456271736735,0.0723664059658444,0.0004035649387843,1.0291922857056524,0.1777777777777777
blackbox,mlp,44,10.0,150,0.03,main,blackbox_mlp,45,,,,,0.029052677658476,0.0150245314040449,0.0286491127196917,0.0004035649387843,1.072909578951805,0.0444444444444444
blackbox,linear,44,10.0,500,0.25,main,blackbox_linear,150,,,,,0.0173604362703038,0.0122610201124505,0.0154410813525801,0.0019193549177237,1.0809808212130323,0.0266666666666666
dfl,linear,44,10.0,150,0.03,main,dfl_linear,45,0.0031496292553048,0.0031951964402135,0.0026243245291725,0.0025087290398645,0.0310827055613739,0.0148453197522087,0.0306791406225896,0.0004035649387843,1.0708795510489073,0.0666666666666666
blackbox,mlp,44,10.0,500,0.25,main,blackbox_mlp,150,,,,,0.0169522868227213,0.0142271609607342,0.0150329319049976,0.0019193549177237,1.0813889706606146,0.0133333333333333
dfl,mlp,44,10.0,150,0.03,main,dfl_mlp,45,0.0026413322395685,0.0027290264267223,0.0024211512883182,0.002203738149946,0.0424879089950858,0.0149205121290247,0.0420843440563014,0.0004035649387843,1.059474347615195,0.0666666666666666
pto,linear,44,10.0,300,0.03,main,linear,90,0.0025261733767834,0.0020138516635966,0.0013215782408404,-0.0005495533314845,0.314441385638888,0.0768532818146373,0.3136887239426056,0.0007526616962823,0.7769415989506346,0.5444444444444444
pto,mlp,44,10.0,300,0.03,main,mlp,90,0.0020457885459417,0.0015285500288541,0.0010228187088109,-0.0003358333782967,0.2087471958738045,0.011569332386599,0.2079945341775222,0.0007526616962823,0.882635788715718,0.4777777777777778
pto,persistence,44,10.0,300,0.03,main,persistence,90,0.0021002546921057,0.0016311593280451,0.0010915067548841,2.4340439442386618e-05,0.2346170515330791,0.0167636346119889,0.2338643898367967,0.0007526616962823,0.8567659330564434,0.4888888888888889
pto,persistence_ma4,44,10.0,300,0.03,main,persistence_ma4,90,0.002189051911999,0.0017662041474933,0.0012620009921657,-2.8390345481083705e-06,0.2452684225355599,0.0177342577900734,0.2445157608392775,0.0007526616962823,0.8461145620539626,0.4888888888888889
blackbox,linear,44,10.0,300,0.03,main,blackbox_linear,90,,,,,0.035865987916668,0.0109053444675805,0.0351133262203856,0.0007526616962823,1.0555169966728546,0.0333333333333333
blackbox,mlp,44,10.0,300,0.03,main,blackbox_mlp,90,,,,,0.0348421129985524,0.0151603634574667,0.03408945130227,0.0007526616962823,1.0565408715909703,0.0222222222222222
dfl,linear,44,10.0,500,0.25,main,dfl_linear,150,0.0045613011002975,0.0037963591744263,0.0024881283708226,0.0022390993604035,0.0319446745418813,0.0117433213190095,0.0300253196241575,0.0019193549177237,1.0663965829414548,0.0533333333333333
dfl,linear,44,10.0,300,0.03,main,dfl_linear,90,0.0060306675078542,0.005870524707383,0.0035503795157637,0.0032285312358753,0.0475325443366566,0.0098743125726166,0.0467798826403742,0.0007526616962823,1.043850440252866,0.0888888888888888
dfl,mlp,44,10.0,300,0.03,main,dfl_mlp,90,0.0048996463376979,0.0047345440444561,0.0038954824323643,0.0037331114166052,0.0281891643516138,0.0123890543431948,0.0274365026553314,0.0007526616962823,1.0631938202379088,0.0444444444444444
pto,linear,44,10.0,1000,0.03,main,linear,300,0.0023064865414357,0.0019830752440723,0.0012573353310838,-0.0002381779889294,0.1946862385033642,0.007690170058565,0.1940809589979512,0.0006052795054129,0.8941288307586032,0.44
dfl,mlp,44,10.0,500,0.25,main,dfl_mlp,150,0.0037581330127008,0.0029930360437594,0.002505784098821,0.002364434783757,0.0178093162725084,0.0149897023188723,0.0158899613547847,0.0019193549177237,1.0805319412108274,0.0266666666666666
pto,linear,44,10.0,500,0.5,main,linear,150,0.0037954736974335,0.0018982569452202,0.0010459296337234,0.0001632599735386,0.0695043027357999,0.007477120593983,0.0662422312153048,0.003262071520495,1.0289852268773476,0.1866666666666666
pto,mlp,44,10.0,500,0.5,main,mlp,150,0.0035726048977279,0.0015291522211304,0.001040743018513,0.0001626976800836,0.0557465638277155,0.0084899855668786,0.0524844923072205,0.003262071520495,1.0427429657854317,0.1866666666666666
pto,persistence,44,10.0,500,0.5,main,persistence,150,0.0051450323445254,0.003793250242127,0.0024240852226219,-0.0001110742988506,1.2341203455641137,0.6418597880656671,1.2308582740436187,0.003262071520495,-0.1356308159509665,0.58
pto,persistence_ma4,44,10.0,500,0.5,main,persistence_ma4,150,0.0041937820924964,0.0024943979966858,0.0016828934013276,-8.97246295927775e-05,0.4642125971199116,0.0170483294498081,0.4609505255994165,0.003262071520495,0.6342769324932358,0.4133333333333333
blackbox,linear,44,10.0,500,0.5,main,blackbox_linear,150,,,,,0.017662431757705,0.0125760054842825,0.0144003602372099,0.003262071520495,1.0808270978554424,0.02
blackbox,mlp,44,10.0,500,0.5,main,blackbox_mlp,150,,,,,0.0171944067653819,0.0151451506504706,0.0139323352448868,0.003262071520495,1.0812951228477652,0.0133333333333333
pto,mlp,44,10.0,1000,0.03,main,mlp,300,0.0019154299708726,0.0015400081701371,0.001041703209468,-0.0002810323964988,0.1724024208716955,0.0062823426938938,0.1717971413662825,0.0006052795054129,0.9164126483902718,0.4433333333333333
pto,persistence,44,10.0,1000,0.03,main,persistence,300,0.0018983989432083,0.0015843502020612,0.0011221439132246,-6.666699493634107e-05,0.222607490932952,0.0093808419355774,0.2220022114275391,0.0006052795054129,0.8662075783290154,0.48
pto,persistence_ma4,44,10.0,1000,0.03,main,persistence_ma4,300,0.0019820516004622,0.0016174477164736,0.0011326601998627,-0.0001057214210637,0.1961007823214402,0.0164015366769205,0.1954955028160273,0.0006052795054129,0.892714286940527,0.5066666666666667
blackbox,linear,44,10.0,1000,0.03,main,blackbox_linear,300,,,,,0.0148688024780155,0.0109124328618561,0.0142635229726026,0.0006052795054129,1.073946266783952,0.0166666666666666
dfl,linear,44,10.0,500,0.5,main,dfl_linear,150,0.0050682617234769,0.0035253213033924,0.0022607969741708,0.0019526999770728,0.0266545887693505,0.0125927863821999,0.0233925172488554,0.003262071520495,1.0718349408437968,0.0466666666666666
blackbox,mlp,44,10.0,1000,0.03,main,blackbox_mlp,300,,,,,0.0123530295301489,0.0097495591921504,0.0117477500247359,0.0006052795054129,1.0764620397318183,0.0133333333333333
dfl,mlp,44,10.0,500,0.5,main,dfl_mlp,150,0.0042524574295402,0.0025594549424499,0.0022171735222151,0.0019618620362818,0.0177510924081451,0.0157694807046785,0.01448902088765,0.003262071520495,1.0807384372050024,0.0133333333333333
pto,linear,45,10.0,500,0.1,main,linear,150,0.0028981672289479,0.0018468609061062,0.0013392020745659,-0.0007094691782181,0.2236604984797023,0.0629302481785721,0.2223480803763584,0.0013124181033438,0.8577072584887101,0.5466666666666666
pto,mlp,45,10.0,500,0.1,main,mlp,150,0.0026005484457833,0.0014172174019629,0.0010612260060625,-0.0004105445910168,0.1396969550629466,0.0050983813600531,0.1383845369596028,0.0013124181033438,0.9416708019054658,0.4066666666666667
pto,persistence,45,10.0,500,0.1,main,persistence,150,0.003498124937001,0.0024688343979052,0.0018379897007768,7.817014876074899e-05,0.3028314672480279,0.011103507035194,0.3015190491446841,0.0013124181033438,0.7785362897203844,0.4533333333333333
pto,persistence_ma4,45,10.0,500,0.1,main,persistence_ma4,150,0.0030282021584919,0.0019442291032882,0.0014275866443816,3.504748447931192e-05,0.1875068079853078,0.0096240629386878,0.1861943898819639,0.0013124181033438,0.8938609489831048,0.4466666666666666
blackbox,linear,45,10.0,500,0.1,main,blackbox_linear,150,,,,,0.020711167092788,0.0087698574546415,0.0193987489894442,0.0013124181033438,1.0606565898756244,0.0333333333333333
blackbox,mlp,45,10.0,500,0.1,main,blackbox_mlp,150,,,,,0.0109487072327892,0.0081384811183746,0.0096362891294454,0.0013124181033438,1.0704190497356232,0.0133333333333333
dfl,linear,45,10.0,500,0.1,main,dfl_linear,150,0.0076087182899029,0.0074046163830764,0.0047614068914095,0.0046677248308822,0.0143236219540682,0.0085180329282458,0.0130112038507243,0.0013124181033438,1.067044135014344,0.0266666666666666
dfl,linear,44,10.0,1000,0.03,main,dfl_linear,300,0.0084285264753908,0.0082923526529914,0.0050756970573779,0.005031516167472,0.0159542351228934,0.0119268310468603,0.0153489556174805,0.0006052795054129,1.072860834139074,0.0166666666666666
dfl,mlp,45,10.0,500,0.1,main,dfl_mlp,150,0.0038709530432797,0.0033476231325005,0.0028347995793427,0.0027707689635842,0.0102009833046168,0.0073231922722601,0.0088885652012729,0.0013124181033438,1.0711667736637955,0.02
pto,linear,45,10.0,500,0.25,main,linear,150,0.0040119781194205,0.0019313165148283,0.0013993500806283,-0.0007656428477029,0.1695262417714583,0.0075015230080595,0.1670400554006291,0.0024861863708291,0.9118176306960948,0.4133333333333333
pto,mlp,45,10.0,500,0.25,main,mlp,150,0.0038272443162768,0.0015181089730591,0.001139288122204,-0.0004560862725213,0.1076067886668103,0.0048545095062025,0.1051206022959811,0.0024861863708291,0.9737370838007428,0.32
pto,persistence,45,10.0,500,0.25,main,persistence,150,0.0054845184188605,0.0037224948339394,0.0026642380933589,0.0001136987656897,0.5349458136285747,0.0192647058754404,0.5324596272577455,0.0024861863708291,0.5463980588389785,0.4866666666666667
pto,persistence_ma4,45,10.0,500,0.25,main,persistence_ma4,150,0.0043371723567569,0.0023489464619617,0.0017311894250383,6.582841446096527e-05,0.2312863977254787,0.0108972217267113,0.2288002113546495,0.0024861863708291,0.8500574747420744,0.42
blackbox,linear,45,10.0,500,0.25,main,blackbox_linear,150,,,,,0.019817721200112,0.0088331307293323,0.0173315348292828,0.0024861863708291,1.0615261512674412,0.0333333333333333
blackbox,mlp,45,10.0,500,0.25,main,blackbox_mlp,150,,,,,0.0105736675278557,0.0085684752762007,0.0080874811570265,0.0024861863708291,1.0707702049396974,0.0133333333333333
dfl,linear,45,10.0,500,0.25,main,dfl_linear,150,0.0069220141776455,0.006084967014357,0.00404065638431,0.0039034226525962,0.0135244195449383,0.0098079460521478,0.0110382331741091,0.0024861863708291,1.067819452922615,0.02
dfl,mlp,45,10.0,500,0.25,main,dfl_mlp,150,0.0041067347144914,0.0023751651362161,0.0020296223709065,0.0018773437483934,0.0081912484890948,0.0068869949870834,0.0057050621182656,0.0024861863708291,1.0731526239784583,0.0066666666666666
pto,linear,45,10.0,500,0.5,main,linear,150,0.0054520873392322,0.0019563536085225,0.0014203031027709,-0.0007577190248529,0.1097358246691683,0.006211402989973,0.1054915681280798,0.0042442565410884,0.971653509593446,0.2933333333333333
pto,mlp,45,10.0,500,0.5,main,mlp,150,0.0053820918880734,0.0015793319823343,0.0011882822364289,-0.0004663165722275,0.0606113866431786,0.0057526549954537,0.0563671301020902,0.0042442565410884,1.0207779476194354,0.2266666666666666
pto,persistence,45,10.0,500,0.5,main,persistence,150,0.0079124485849187,0.0052933542135488,0.0036296650139137,0.0001344349412961,0.921296437835745,0.0496974116143031,0.9170521812946566,0.0042442565410884,0.1600928964268692,0.5133333333333333
pto,persistence_ma4,45,10.0,500,0.5,main,persistence_ma4,150,0.0060158395564207,0.0029611473527572,0.0021777072716384,8.259996448066802e-05,0.328723145797598,0.0133162848184551,0.3244788892565096,0.0042442565410884,0.7526661884650161,0.42
blackbox,linear,45,10.0,500,0.5,main,blackbox_linear,150,,,,,0.0199466547853954,0.0095624612843897,0.0157023982443069,0.0042442565410884,1.0614426794772187,0.0266666666666666
blackbox,mlp,45,10.0,500,0.5,main,blackbox_mlp,150,,,,,0.0114696546073952,0.0092491300804551,0.0072253980663068,0.0042442565410884,1.069919679655219,0.02
dfl,linear,45,10.0,500,0.5,main,dfl_linear,150,0.0070781782368978,0.0049658121370449,0.0034121895349979,0.0031821374033344,0.0119044236142424,0.0106755807362793,0.0076601670731539,0.0042442565410884,1.069484910648372,0.0133333333333333
dfl,mlp,45,10.0,500,0.5,main,dfl_mlp,150,0.0054499022799141,0.0020144829116991,0.0016895731799641,0.0013398559731508,0.0090255343014669,0.0076983180018216,0.0047812777603784,0.0042442565410884,1.0723637999611473,0.0066666666666666
pto,linear,46,10.0,500,0.1,main,linear,150,0.0016349274911398,0.0011212010861275,0.0007680721595091,0.0001037913252369,0.1023174185998496,0.0072863189875796,0.1011953381761781,0.0011220804236715,0.9991355921023204,0.3
pto,mlp,46,10.0,500,0.1,main,mlp,150,0.0016422992684944,0.0011453534391877,0.0007531456843313,0.0001136888789093,0.1102302824590584,0.006647581795354,0.1091082020353869,0.0011220804236715,0.9912227282431116,0.2933333333333333
pto,persistence,46,10.0,500,0.1,main,persistence,150,0.0019681598864328,0.0015773403279461,0.0010744216140948,-1.2684068076652377e-06,0.418495096765207,0.0160083498136072,0.4173730163415354,0.0011220804236715,0.682957913936963,0.4666666666666667
pto,persistence_ma4,46,10.0,500,0.1,main,persistence_ma4,150,0.0018310980083135,0.0014493166134694,0.0009393279419993,0.0001214687481698,0.2069723437288757,0.0103859290826174,0.2058502633052041,0.0011220804236715,0.8944806669732944,0.4
blackbox,linear,46,10.0,500,0.1,main,blackbox_linear,150,,,,,0.028572053978284,0.0172243552696875,0.0274499735546124,0.0011220804236715,1.072880956723886,0.0333333333333333
blackbox,mlp,46,10.0,500,0.1,main,blackbox_mlp,150,,,,,0.0187615356906135,0.0153114289779304,0.017639455266942,0.0011220804236715,1.0826914750115566,0.0133333333333333
dfl,linear,46,10.0,500,0.1,main,dfl_linear,150,0.0038152510602003,0.0034561942288936,0.0026717570380623,0.0026287152263105,0.0174725301808055,0.0132141785925381,0.0163504497571339,0.0011220804236715,1.0839804805213646,0.0133333333333333
dfl,mlp,44,10.0,1000,0.03,main,dfl_mlp,300,0.0040013829892898,0.0037726301094096,0.0030410276905042,0.0030111630710123,0.0114642316276366,0.0092251782449185,0.0108589521222237,0.0006052795054129,1.0773508376343306,0.02
pto,linear,45,10.0,150,0.03,main,linear,45,0.0039866376615336,0.0040258417843399,0.0030959337053684,-0.0003138823147295,0.3584159732968791,0.1777875348934101,0.3577003930453036,0.0007155802515754,0.7056327277306917,0.6
pto,mlp,45,10.0,150,0.03,main,mlp,45,0.0026993590076032,0.0021109388623542,0.0018517794895712,-0.0011524034438708,0.2502149837451727,0.1857531698765662,0.2494994034935973,0.0007155802515754,0.8138337172823981,0.6888888888888889
pto,persistence,45,10.0,150,0.03,main,persistence,45,0.0026547692809996,0.0020305303278049,0.0016716811889994,-0.0002433159591285,0.1549809247369575,0.006980057562463,0.154265344485382,0.0007155802515754,0.9090677762906132,0.5111111111111111
pto,persistence_ma4,45,10.0,150,0.03,main,persistence_ma4,45,0.0024456648162291,0.0018543255627405,0.0015020400410529,-0.0004193434532228,0.1371937547559666,0.0324047435799115,0.1364781745043911,0.0007155802515754,0.9268549462716044,0.5111111111111111
blackbox,linear,45,10.0,150,0.03,main,blackbox_linear,45,,,,,0.1838467008672223,0.0062540786622988,0.1831311206156468,0.0007155802515754,0.8802020001603486,0.2
blackbox,mlp,45,10.0,150,0.03,main,blackbox_mlp,45,,,,,0.0269527785411601,0.0072425402522202,0.0262371982895846,0.0007155802515754,1.037095922486411,0.0888888888888888
dfl,linear,45,10.0,150,0.03,main,dfl_linear,45,0.0063306243765279,0.0063882824345114,0.0042868326645278,0.0035018583788379,0.0692779278670227,0.0059875850617394,0.0685623476154472,0.0007155802515754,0.994770773160548,0.2
dfl,mlp,45,10.0,150,0.03,main,dfl_mlp,45,0.0046415715856864,0.0042911341957561,0.0032806347360363,0.0025239883640313,0.0503781081559481,0.0055075204080217,0.0496625279043726,0.0007155802515754,1.0136705928716228,0.2666666666666666
pto,linear,45,10.0,300,0.03,main,linear,90,0.0015579714436745,0.0012880207074621,0.0009895391806754,0.000335608554076,0.0880706353480039,0.0080262729153381,0.0875937145850772,0.0004769207629266,1.0107588723280956,0.1888888888888888
pto,mlp,45,10.0,300,0.03,main,mlp,90,0.0014415639853987,0.0011332961666445,0.0006876706376704,0.0001496898237028,0.0974213575808708,0.0054419061582763,0.0969444368179441,0.0004769207629266,1.0014081500952288,0.2777777777777778
pto,persistence,45,10.0,300,0.03,main,persistence,90,0.0016468735367015,0.0013865281293161,0.0008216061603899,2.611586206367201e-05,0.2134711090632386,0.013984906362108,0.2129941883003119,0.0004769207629266,0.885358398612861,0.5222222222222223
pto,persistence_ma4,45,10.0,300,0.03,main,persistence_ma4,90,0.0016950103637479,0.0014171860955778,0.0009225581943775,1.6757639785517857e-05,0.2154233133346839,0.0093015286707694,0.2149463925717572,0.0004769207629266,0.8834061943414155,0.4444444444444444
blackbox,linear,45,10.0,300,0.03,main,blackbox_linear,90,,,,,0.0384325184780975,0.0147606818431741,0.0379555977151708,0.0004769207629266,1.0603969891980018,0.0444444444444444
blackbox,mlp,45,10.0,300,0.03,main,blackbox_mlp,90,,,,,0.0310472040023762,0.0157394681503676,0.0305702832394495,0.0004769207629266,1.0677823036737235,0.0888888888888888
dfl,linear,45,10.0,300,0.03,main,dfl_linear,90,0.003402310872773,0.0033110905762911,0.0027207721460362,0.002697212965024,0.0130804367691495,0.0121990039613968,0.0126035160062229,0.0004769207629266,1.08574907090695,0.0111111111111111
dfl,mlp,45,10.0,300,0.03,main,dfl_mlp,90,0.0033627100914418,0.0032329437892721,0.0030058363029453,0.002814355137813,0.028637547629011,0.0161314197076192,0.0281606268660843,0.0004769207629266,1.0701919600470886,0.0777777777777777
dfl,mlp,46,10.0,500,0.1,main,dfl_mlp,150,0.0035219788224556,0.003229657901741,0.0029535887877636,0.0028901589767777,0.0197114063174751,0.0168285938568651,0.0185893258938036,0.0011220804236715,1.0817416043846948,0.0266666666666666
pto,linear,46,10.0,500,0.25,main,linear,150,0.0022624807839956,0.0011404688518705,0.0007809394805727,0.0001124636217721,0.08372430533269,0.0073963547196891,0.0815362401600379,0.0021880651726521,1.0178750110483483,0.24
pto,mlp,46,10.0,500,0.25,main,mlp,150,0.0022725821078475,0.0011768107340064,0.0007816045782633,0.0001484846964403,0.0841917109089004,0.0067259360322943,0.0820036457362483,0.0021880651726521,1.0174076054721382,0.1933333333333333
pto,persistence,46,10.0,500,0.25,main,persistence,150,0.0029446302207431,0.0022388529730031,0.0015192302467025,-4.314862494005656e-05,0.7318352515085109,0.1362317248427326,0.729647186335859,0.0021880651726521,0.3697640648725275,0.5333333333333333
pto,persistence_ma4,46,10.0,500,0.25,main,persistence_ma4,150,0.0025513325282859,0.0017183471844379,0.0011365070162262,9.775327589663796e-05,0.2876735779277696,0.0136527324293141,0.2854855127551174,0.0021880651726521,0.813925738453269,0.4133333333333333
pto,linear,45,10.0,1000,0.03,main,linear,300,0.0019071203795896,0.0016265895592297,0.0011469791712465,-0.0003767130387759,0.2206106545081042,0.0093270790991992,0.220025688219454,0.0005849662886501,0.8675756754837445,0.47
blackbox,linear,46,10.0,500,0.25,main,blackbox_linear,150,,,,,0.0288813545230783,0.0165627940895563,0.0266932893504262,0.0021880651726521,1.07271796185796,0.0333333333333333
blackbox,mlp,46,10.0,500,0.25,main,blackbox_mlp,150,,,,,0.0211736039644887,0.017242939052525,0.0189855387918366,0.0021880651726521,1.0804257124165495,0.0133333333333333
pto,mlp,45,10.0,1000,0.03,main,mlp,300,0.0016338924586031,0.001353448674626,0.0009763872816089,-0.0002268573598748,0.1722029829586769,0.008549062793639,0.1716180166700267,0.0005849662886501,0.9159833470331716,0.4533333333333333
pto,persistence,45,10.0,1000,0.03,main,persistence,300,0.0019901169174689,0.0016351023283311,0.0011404184883702,-4.2565868134664155e-05,0.2068952366245869,0.0102309954614708,0.2063102703359367,0.0005849662886501,0.8812910933672615,0.4866666666666667
pto,persistence_ma4,45,10.0,1000,0.03,main,persistence_ma4,300,0.0019811827819408,0.0017211861178475,0.0013054571216033,-3.853221479746156e-05,0.2191383577896364,0.0113921447603644,0.2185533915009862,0.0005849662886501,0.8690479722022121,0.4633333333333333
dfl,linear,46,10.0,500,0.25,main,dfl_linear,150,0.0040930020309846,0.0032923422434108,0.0025807194266928,0.0025105065101527,0.0197293180674945,0.014234980384078,0.0175412528948424,0.0021880651726521,1.0818699983135442,0.0333333333333333
blackbox,linear,45,10.0,1000,0.03,main,blackbox_linear,300,,,,,0.0156564668478865,0.0107309117706326,0.0150715005592363,0.0005849662886501,1.072529863143962,0.0266666666666666
blackbox,mlp,45,10.0,1000,0.03,main,blackbox_mlp,300,,,,,0.0125900553016496,0.0100998402726041,0.0120050890129995,0.0005849662886501,1.0755962746901988,0.02
dfl,mlp,46,10.0,500,0.25,main,dfl_mlp,150,0.0038234026832347,0.0031882037686389,0.0029859707260235,0.0029066401026602,0.0195464863158264,0.0186873677427172,0.0173584211431743,0.0021880651726521,1.082052830065212,0.0133333333333333
pto,linear,46,10.0,500,0.5,main,linear,150,0.0031295855113077,0.0011542960231522,0.0007915472163698,0.0001201163897836,0.0630250855618934,0.0074230051425981,0.0591866121299309,0.0038384734319624,1.0387742497190025,0.1733333333333333
pto,mlp,46,10.0,500,0.5,main,mlp,150,0.0031214158449434,0.0011932796880909,0.0008006639772368,0.0001761854867996,0.0625046689302269,0.0074017595152727,0.0586661954982645,0.0038384734319624,1.0392946663506692,0.1333333333333333
pto,persistence,46,10.0,500,0.5,main,persistence,150,0.0042202582630092,0.0031284808388408,0.0020445986416657,-9.898699162201014e-05,1.199742263467824,0.4468697776734927,1.1959037900358611,0.0038384734319624,-0.0979429281869279,0.6133333333333333
pto,persistence_ma4,46,10.0,500,0.5,main,persistence_ma4,150,0.0035566268624296,0.0021261042488766,0.0014367565628518,6.446950104552424e-05,0.4420794115653859,0.0201330592080491,0.4382409381334234,0.0038384734319624,0.6597199237155102,0.4666666666666667
blackbox,linear,46,10.0,500,0.5,main,blackbox_linear,150,,,,,0.0286045595680345,0.0164741081436281,0.024766086136072,0.0038384734319624,1.0731947757128617,0.0333333333333333
blackbox,mlp,46,10.0,500,0.5,main,blackbox_mlp,150,,,,,0.0212762405276509,0.0177161848228697,0.0174377670956885,0.0038384734319624,1.0805230947532452,0.0133333333333333
dfl,linear,46,10.0,500,0.5,main,dfl_linear,150,0.0045612692544622,0.0030327570231302,0.0024779060239024,0.0024004777965216,0.0189699963939719,0.0158725386177671,0.0151315229620094,0.0038384734319624,1.082829338886924,0.02
dfl,linear,45,10.0,1000,0.03,main,dfl_linear,300,0.0061252558438151,0.0059698404244635,0.004358478475615,0.0042868994394039,0.0177065770678892,0.0111754131541169,0.017121610779239,0.0005849662886501,1.0704797529239594,0.0266666666666666
dfl,mlp,46,10.0,500,0.5,main,dfl_mlp,150,0.0041327344177332,0.0028082097712828,0.0026048461374068,0.0024686778180381,0.0200165360359373,0.0187727594958033,0.0161780626039748,0.0038384734319624,1.0817827992449585,0.0133333333333333
dfl,mlp,45,10.0,1000,0.03,main,dfl_mlp,300,0.0039345028660975,0.0037825031981533,0.0032793083716134,0.0032479395685128,0.0113971409455512,0.0095055609294886,0.010812174656901,0.0005849662886501,1.0767891890462973,0.0133333333333333
pto,linear,46,10.0,150,0.03,main,linear,45,0.0028863397426342,0.0028888797496271,0.0023360855890201,1.0659374630730272e-05,0.30500899080472,0.0119456856771711,0.3044390400453973,0.0005699507593226,0.7756322818389338,0.4222222222222222
pto,mlp,46,10.0,150,0.03,main,mlp,45,0.0022359021760421,0.0020407766035132,0.0014606313419653,-0.0004730979066312,0.2303485944311899,0.005687637137121,0.2297786436718673,0.0005699507593226,0.8502926782124641,0.4222222222222222
pto,persistence,46,10.0,150,0.03,main,persistence,45,0.0022288391620301,0.0020678071643534,0.0016730462543671,-8.370548720998544e-05,0.2707750906268419,0.0122597964872488,0.2702051398675193,0.0005699507593226,0.8098661820168123,0.4888888888888889
pto,persistence_ma4,46,10.0,150,0.03,main,persistence_ma4,45,0.0025154661994308,0.0024716882254784,0.0019561411276603,-0.000230787389107,0.2858271979605002,0.0087728157616557,0.2852572472011776,0.0005699507593226,0.7948140746831538,0.4444444444444444
blackbox,linear,46,10.0,150,0.03,main,blackbox_linear,45,,,,,0.0959565268466741,0.0095643556499451,0.0953865760873514,0.0005699507593226,0.98468474579698,0.2
blackbox,mlp,46,10.0,150,0.03,main,blackbox_mlp,45,,,,,0.1250945397735688,0.0123363048394369,0.1245245890142461,0.0005699507593226,0.9555467328700854,0.1777777777777777
dfl,linear,46,10.0,150,0.03,main,dfl_linear,45,0.0068014250225525,0.0068648151584939,0.0049882336901435,0.004334696987357,0.0790279013920173,0.0110774102573807,0.0784579506326946,0.0005699507593226,1.0016133712516369,0.1333333333333333
dfl,mlp,46,10.0,150,0.03,main,dfl_mlp,45,0.003634800281182,0.0036493884044485,0.0032506188460782,0.0025234468614711,0.0700574515137447,0.0107292364933209,0.069487500754422,0.0005699507593226,1.0105838211299094,0.1555555555555555
pto,linear,46,10.0,300,0.03,main,linear,90,0.0024020578034482,0.0019032966209708,0.0014792035694135,-0.00044608315974,0.2165129140514716,0.0508594998910382,0.2157312954419236,0.0007816186095479,0.8616401090451599,0.5555555555555556
pto,mlp,46,10.0,300,0.03,main,mlp,90,0.0021174901870021,0.0015519896651775,0.0011862503192901,-0.0004636419482068,0.1701626197742497,0.0182996163679491,0.1693810011647017,0.0007816186095479,0.9079904033223818,0.5
pto,persistence,46,10.0,300,0.03,main,persistence,90,0.0023956618298454,0.0018289226404105,0.0013216725315066,-0.0001730020463605,0.2026670545250845,0.0075727960463571,0.2018854359155365,0.0007816186095479,0.875485968571547,0.4777777777777778
pto,persistence_ma4,46,10.0,300,0.03,main,persistence_ma4,90,0.0024908705018244,0.0018319413567507,0.0014742996102987,-0.0001149942726728,0.1746002433507126,0.0071978079820625,0.1738186247411647,0.0007816186095479,0.9035527797459189,0.4222222222222222
blackbox,linear,46,10.0,300,0.03,main,blackbox_linear,90,,,,,0.0154597425462544,0.0084336488788269,0.0146781239367065,0.0007816186095479,1.062693280550377,0.0666666666666666
blackbox,mlp,46,10.0,300,0.03,main,blackbox_mlp,90,,,,,0.0099559177076257,0.0097022149286671,0.0091742990980778,0.0007816186095479,1.0681971053890058,0.0111111111111111
dfl,linear,46,10.0,300,0.03,main,dfl_linear,90,0.0066981092211891,0.0062653767135691,0.00468881451397,0.0045942308085913,0.014695379826193,0.0082999671060779,0.0139137612166451,0.0007816186095479,1.0634576432704383,0.0333333333333333
dfl,mlp,46,10.0,300,0.03,main,dfl_mlp,90,0.0058678584708417,0.005384043540386,0.0045046590509551,0.0044713247411827,0.0107708755271892,0.0081279417008616,0.0099892569176413,0.0007816186095479,1.0673821475694425,0.0222222222222222
pto,linear,46,10.0,1000,0.03,main,linear,300,0.0010136549117842,0.0008130464299839,0.0005671614202759,0.0001307822328776,0.0978627921819486,0.00629966669596,0.0973782636061374,0.0004845285758111,1.007584479761656,0.24
pto,mlp,46,10.0,1000,0.03,main,mlp,300,0.0010647413493456,0.0008286133256883,0.0005344773651498,6.616802714003284e-05,0.1265623984203226,0.0060369595427323,0.1260778698445115,0.0004845285758111,0.9788848735232816,0.3433333333333333
pto,persistence,46,10.0,1000,0.03,main,persistence,300,0.0012159022464858,0.0010263992146434,0.0006647079616201,-2.6740971181206708e-05,0.2683619481046,0.0265534765630659,0.2678774195287888,0.0004845285758111,0.8370853238390045,0.5266666666666666
pto,persistence_ma4,46,10.0,1000,0.03,main,persistence_ma4,300,0.00104215933107,0.0008401283792987,0.0005755466544908,-2.3181532094065593e-05,0.195396505392266,0.0135763911010311,0.1949119768164549,0.0004845285758111,0.9100507665513384,0.5
blackbox,linear,46,10.0,1000,0.03,main,blackbox_linear,300,,,,,0.0145961567708187,0.0147566014457928,0.0141116281950075,0.0004845285758111,1.0908511151727858,0.0133333333333333
blackbox,mlp,46,10.0,1000,0.03,main,blackbox_mlp,300,,,,,0.0141901764645936,0.0137150216593787,0.0137056478887825,0.0004845285758111,1.0912570954790108,0.0033333333333333
dfl,linear,46,10.0,1000,0.03,main,dfl_linear,300,0.0033226067901998,0.0032085643456746,0.0028106014429589,0.0027797132761001,0.0189975301594991,0.0159663761096183,0.018513001583688,0.0004845285758111,1.0864497417841052,0.01
dfl,mlp,46,10.0,1000,0.03,main,dfl_mlp,300,0.0029027665127688,0.0027850166626787,0.0024291300869533,0.0024230160316469,0.0143398853020141,0.0139690552488829,0.013855356726203,0.0004845285758111,1.0911073866415903,0.0033333333333333
pto,linear,42,10.0,500,1.0,main,linear,150,0.0058536883754523,0.0018292117036856,0.0012769260746773,-0.0004243924774283,0.0888004019067537,0.0096641735145468,0.0823385597831376,0.006461842123616,1.0063508615931522,0.22
pto,mlp,42,10.0,500,1.0,main,mlp,150,0.0058242984455751,0.0018118588104523,0.0012290288740908,-0.0003013956934578,0.0729017762501825,0.0086740369022053,0.0664399341265664,0.006461842123616,1.0222494872497236,0.14
pto,persistence,42,10.0,500,1.0,main,persistence,150,0.0080509040571156,0.0057988030339112,0.003591916661264,-0.0004755559667074,2.182349085605718,1.4851278556479983,2.1758872434821024,0.006461842123616,-1.0871978221058127,0.6733333333333333
pto,persistence_ma4,42,10.0,500,1.0,main,persistence_ma4,150,0.0064958367655469,0.0032461348073333,0.0024318517009349,-0.0005126178579644,0.9484758706546282,0.0990922668952525,0.9420140285310122,0.006461842123616,0.1466753928452777,0.5133333333333333
blackbox,linear,42,10.0,500,1.0,main,blackbox_linear,150,,,,,0.01652612668391,0.0151331656420266,0.010064284560294,0.006461842123616,1.0786251368159958,0.02
blackbox,mlp,42,10.0,500,1.0,main,blackbox_mlp,150,,,,,0.0220082685830577,0.0175394229297579,0.0155464264594417,0.006461842123616,1.073142994916848,0.02
dfl,linear,42,10.0,500,1.0,main,dfl_linear,150,0.0066719576654695,0.0030164928760291,0.0022706515607816,0.0018528881382919,0.0247394414097105,0.0161559801033778,0.0182775992860945,0.006461842123616,1.0704118220901953,0.0333333333333333
dfl,mlp,42,10.0,500,1.0,main,dfl_mlp,150,0.0059033666940577,0.002178671419844,0.0018731942209472,0.0008292061786889,0.0195518095569501,0.0155142440556171,0.0130899674333341,0.006461842123616,1.075599453942956,0.0266666666666666
pto,linear,43,10.0,500,1.0,main,linear,150,0.0076768598889625,0.0036464790402695,0.0016285113947985,2.715201022549333e-06,0.0671565222010145,0.0088572142449496,0.0594355659086714,0.0077209562923431,1.022687302115478,0.12
pto,mlp,43,10.0,500,1.0,main,mlp,150,0.0073877630065178,0.0019588544897153,0.0013437621231278,-0.0005633957802953,0.0669167053500164,0.0079443427041148,0.0591957490576733,0.0077209562923431,1.022927118966476,0.1266666666666666
pto,persistence,43,10.0,500,1.0,main,persistence,150,0.0100734517688395,0.0073215175735647,0.0043604875134951,-0.000286878389251,2.026581092948645,1.2150074893899858,2.018860136656302,0.0077209562923431,-0.9367372686321525,0.64
pto,persistence_ma4,43,10.0,500,1.0,main,persistence_ma4,150,0.007913031557994,0.0043571048038394,0.0030219932182679,-0.0002752292373495,0.7686461362493194,0.032633818141985,0.7609251799569762,0.0077209562923431,0.321197688067173,0.4866666666666667
blackbox,linear,43,10.0,500,1.0,main,blackbox_linear,150,,,,,0.0205221604050632,0.0135989889290296,0.01280120411272,0.0077209562923431,1.0693216639114291,0.02
blackbox,mlp,43,10.0,500,1.0,main,blackbox_mlp,150,,,,,0.0157403681080967,0.0149479903712151,0.0080194118157535,0.0077209562923431,1.0741034562083958,0.0066666666666666
dfl,linear,43,10.0,500,1.0,main,dfl_linear,150,0.0079747563672856,0.0037062444998777,0.0026770874244854,0.0021668090522895,0.0240120065928546,0.0162317753600126,0.0162910503005115,0.0077209562923431,1.065831817723638,0.02
dfl,mlp,43,10.0,500,1.0,main,dfl_mlp,150,0.0076639488192237,0.0031414848850878,0.0022685444790669,0.0015583264899736,0.0222101650490442,0.0140993701611304,0.0144892087567011,0.0077209562923431,1.067633659267448,0.0133333333333333
pto,linear,44,10.0,500,1.0,main,linear,150,0.0052084306029152,0.0019874666309567,0.0010839930180777,0.0002649953830431,0.0337631616456748,0.0086706983901512,0.0279325899951917,0.0058305716504831,1.0651603913306162,0.1133333333333333
pto,mlp,44,10.0,500,1.0,main,mlp,150,0.0049802077803934,0.0015552086186065,0.0010634474692817,0.0002393502622752,0.0280789759013326,0.009742106815398,0.0222484042508495,0.0058305716504831,1.0708445770749584,0.0533333333333333
pto,persistence,44,10.0,500,1.0,main,persistence,150,0.0072134041470049,0.005148630525053,0.0031164017043266,-0.0002379075377509,1.9816334689939965,1.4305101346502265,1.975802897343514,0.0058305716504831,-0.8827099160177057,0.6066666666666667
pto,persistence_ma4,44,10.0,500,1.0,main,persistence_ma4,150,0.0057729855162955,0.0030182556242329,0.0020769135340506,-0.0002050930797082,0.8114732433451108,0.0243315964565642,0.8056426716946279,0.0058305716504831,0.2874503096311802,0.4266666666666667
blackbox,linear,44,10.0,500,1.0,main,blackbox_linear,150,,,,,0.0162381714833883,0.0136264881485075,0.0104075998329051,0.0058305716504831,1.082685381492903,0.0133333333333333
blackbox,mlp,44,10.0,500,1.0,main,blackbox_mlp,150,,,,,0.0166692031753427,0.0147332223780028,0.0108386315248595,0.0058305716504831,1.0822543498009485,0.0066666666666666
dfl,linear,44,10.0,500,1.0,main,dfl_linear,150,0.0056745490131984,0.0026687032250442,0.001806149301982,0.0013930505041718,0.0193071184509149,0.0146628914073082,0.0134765468004317,0.0058305716504831,1.0796164345253765,0.04
dfl,mlp,44,10.0,500,1.0,main,dfl_mlp,150,0.0050870862121278,0.0017817913879749,0.0015616664748448,0.0009990152809212,0.015429110709244,0.0161250836983767,0.0095985390587609,0.0058305716504831,1.0834944422670474,0.0066666666666666
pto,linear,45,10.0,500,1.0,main,linear,150,0.0078749809527611,0.0019568749758375,0.0014468220694659,-0.0007183698598839,0.0348646925710347,0.0069917906421255,0.027012561007051,0.0078521315639836,1.0469878309043663,0.1133333333333333
pto,mlp,45,10.0,500,1.0,main,mlp,150,0.0078975940891184,0.0016724871522523,0.0012545429651324,-0.0004829111735569,0.0236960105167225,0.0073549502815942,0.0158438789527389,0.0078521315639836,1.0581565129586783,0.0733333333333333
pto,persistence,45,10.0,500,1.0,main,persistence,150,0.0117001706831362,0.0078111422569014,0.0050266023632769,0.0001199263560447,1.6867596662810016,0.4969558057949289,1.678907534717018,0.0078521315639836,-0.6049071428056011,0.5933333333333334
pto,persistence_ma4,45,10.0,500,1.0,main,persistence_ma4,150,0.0087422967154596,0.0040902532656831,0.0029189145429303,6.54122620384905e-05,0.6075898304184318,0.0190369135305839,0.5997376988544482,0.0078521315639836,0.474262693056969,0.3866666666666666
blackbox,linear,45,10.0,500,1.0,main,blackbox_linear,150,,,,,0.0199032383778267,0.0109994117080686,0.012051106813843,0.0078521315639836,1.0619492850975742,0.0333333333333333
blackbox,mlp,45,10.0,500,1.0,main,blackbox_mlp,150,,,,,0.011059630198205,0.0097908393985143,0.0032074986342213,0.0078521315639836,1.070792893277196,0.0133333333333333
dfl,linear,45,10.0,500,1.0,main,dfl_linear,150,0.0082311818621966,0.0030173049954524,0.0022937620803141,0.0016654134018734,0.0138242224982139,0.0123205276592064,0.0059720909342302,0.0078521315639836,1.068028300977187,0.0133333333333333
dfl,mlp,45,10.0,500,1.0,main,dfl_mlp,150,0.0079344338553155,0.0017928674352013,0.001498375832742,0.0001233566757368,0.012165534555316,0.0093765182521101,0.0043134029913324,0.0078521315639836,1.0696869889200846,0.02
pto,linear,46,10.0,500,1.0,main,linear,150,0.0046413395773173,0.0011669006653034,0.0007980634288596,0.0001229963926989,0.0466537176674052,0.0093121780645324,0.0395805396634998,0.0070731780039054,1.0554899113470726,0.08
pto,mlp,46,10.0,500,1.0,main,mlp,150,0.0046162289452559,0.0012020400951017,0.0008022528237332,0.0001621170178601,0.03622273688247,0.0087244825562977,0.0291495588785645,0.0070731780039054,1.065920892132008,0.0666666666666666
pto,persistence,46,10.0,500,1.0,main,persistence,150,0.0063590588029267,0.0046488523637924,0.0027689170136199,-0.0001905106263762,1.9856233192884536,1.429086380099858,1.978550141284548,0.0070731780039054,-0.8834796902739755,0.6733333333333333
pto,persistence_ma4,46,10.0,500,1.0,main,persistence_ma4,150,0.005304299695959,0.002869890795933,0.0019397274441961,8.047581186178098e-06,0.8454125748054143,0.082468588712693,0.8383393968015088,0.0070731780039054,0.2567310542090638,0.5333333333333333
blackbox,linear,46,10.0,500,1.0,main,blackbox_linear,150,,,,,0.0282914752376776,0.0153764669617786,0.0212182972337721,0.0070731780039054,1.0738521537768002,0.0333333333333333
blackbox,mlp,46,10.0,500,1.0,main,blackbox_mlp,150,,,,,0.0212923397015562,0.0173295900631088,0.0142191616976508,0.0070731780039054,1.0808512893129216,0.0133333333333333
dfl,linear,46,10.0,500,1.0,main,dfl_linear,150,0.0057277254765238,0.002926564742766,0.0024016223111257,0.0023116980937389,0.0224080382906377,0.0183747561532779,0.0153348602867322,0.0070731780039054,1.0797355907238402,0.0133333333333333
dfl,mlp,46,10.0,500,1.0,main,dfl_mlp,150,0.0050124455577661,0.0021374390291572,0.0018973673433863,0.0016169633955775,0.0224285507649452,0.018720744015323,0.0153553727610398,0.0070731780039054,1.0797150782495328,0.02
pto,linear,42,10.0,500,0.03,main,linear,150,0.0020597106925764,0.0018233938768459,0.0012169425462372,-0.000266074054616,0.2562575790652131,0.0122007908036358,0.2557234159146751,0.000534163150538,0.837511340973991,0.4733333333333333
pto,persistence,42,10.0,500,0.03,main,persistence,150,0.0019754026530586,0.0017571971441899,0.0011893081593076,-7.195913992865195e-05,0.3103574418861166,0.0218561055686445,0.3098232787355785,0.000534163150538,0.7834114781530875,0.5066666666666667
pto,persistence_ma4,42,10.0,500,0.03,main,persistence_ma4,150,0.0020727602347219,0.0018643791143738,0.0013701538375664,-7.791002466344527e-05,0.2994229249057058,0.0174514557243627,0.2988887617551678,0.000534163150538,0.7943459951334982,0.48
blackbox,linear,42,10.0,500,0.03,main,blackbox_linear,150,,,,,0.0202362115270202,0.0129632388456382,0.0197020483764822,0.000534163150538,1.073532708512184,0.0333333333333333
blackbox,mlp,42,10.0,500,0.03,main,blackbox_mlp,150,,,,,0.0194560671688348,0.0160450753065658,0.0189219040182967,0.000534163150538,1.0743128528703694,0.0466666666666666
dfl,linear,42,10.0,500,0.03,main,dfl_linear,150,0.0052245655133259,0.005079173922782,0.0036706041890732,0.0035365749229157,0.0268771605947765,0.0127774444881724,0.0263429974442385,0.000534163150538,1.0668917594444276,0.0533333333333333
dfl,mlp,42,10.0,500,0.03,main,dfl_mlp,150,0.0045590067146095,0.0044084035851742,0.0037702610781158,0.0037205084044897,0.0173767686760546,0.014417841645847,0.0168426055255166,0.000534163150538,1.0763921513631494,0.0133333333333333
pto,linear,43,10.0,500,0.03,main,linear,150,0.0025269709617776,0.0025114949820014,0.0013815506293435,-0.0001262064387725,0.2071828327964832,0.0101910311487655,0.2065867768635193,0.0005960559329639,0.8815389309102882,0.4533333333333333
pto,mlp,43,10.0,500,0.03,main,mlp,150,0.0019178616059193,0.001827139674267,0.0012177462194886,-0.0002846406036381,0.2190779678233538,0.0100971785898095,0.2184819118903899,0.0005960559329639,0.8696437958834177,0.4733333333333333
pto,persistence,43,10.0,500,0.03,main,persistence,150,0.0018293209550733,0.0015942883845251,0.0011758277343176,-6.930225460807492e-05,0.2598576460774892,0.0094535545223608,0.2592615901445252,0.0005960559329639,0.8288641176292821,0.4666666666666667
pto,persistence_ma4,43,10.0,500,0.03,main,persistence_ma4,150,0.0019590177749413,0.0018520489204529,0.0013399806286317,-4.385268920912123e-05,0.2102729720119396,0.0157602535459038,0.2096769160789757,0.0005960559329639,0.8784487916948319,0.48
blackbox,linear,43,10.0,500,0.03,main,blackbox_linear,150,,,,,0.0129014729974401,0.0115145844323895,0.0123054170644761,0.0005960559329639,1.0758202907093313,0.0133333333333333
blackbox,mlp,43,10.0,500,0.03,main,blackbox_mlp,150,,,,,0.0128150899492602,0.0110381371445742,0.0122190340162963,0.0005960559329639,1.0759066737575111,0.0066666666666666
dfl,linear,43,10.0,500,0.03,main,dfl_linear,150,0.0050492099629598,0.0049117366606168,0.0036644358924942,0.0035173729751865,0.0222169046450386,0.011229260748242,0.0216208487120747,0.0005960559329639,1.066504859061733,0.04
dfl,mlp,43,10.0,500,0.03,main,dfl_mlp,150,0.005979421486291,0.0058168628965948,0.0043062402650901,0.004265350523155,0.0147700444746207,0.0113414188714191,0.0141739885416568,0.0005960559329639,1.0739517192321508,0.0133333333333333
pto,linear,44,10.0,500,0.03,main,linear,150,0.0018067700718449,0.001682093330257,0.0009808198434362,9.72927751977971e-06,0.170601029224742,0.0074784607007321,0.1701201592876107,0.0004808699371313,0.927618874048644,0.44
pto,mlp,44,10.0,500,0.03,main,mlp,150,0.0015312316350152,0.0014032186832509,0.0008669277507799,-4.426747472929723e-05,0.153642270412075,0.0064749475340396,0.1531614004749437,0.0004808699371313,0.9445776328613112,0.42
pto,persistence,44,10.0,500,0.03,main,persistence,150,0.0017191525846102,0.0015521942671028,0.000932041737247,-2.9026824895210667e-05,0.2431416892040772,0.0106609578097229,0.2426608192669458,0.0004808699371313,0.8550782140693091,0.4666666666666667
pto,persistence_ma4,44,10.0,500,0.03,main,persistence_ma4,150,0.0018038187699143,0.0016874010515073,0.0010631176115581,-2.7907149882815095e-05,0.2064723912843858,0.025629980831764,0.2059915213472545,0.0004808699371313,0.8917475119890005,0.5266666666666666
blackbox,linear,44,10.0,500,0.03,main,blackbox_linear,150,,,,,0.0189535315362119,0.0122464094794589,0.0184726615990806,0.0004808699371313,1.0792663717371742,0.0333333333333333
blackbox,mlp,44,10.0,500,0.03,main,blackbox_mlp,150,,,,,0.016401103340327,0.0125640898154807,0.0159202334031957,0.0004808699371313,1.081818799933059,0.02
dfl,linear,44,10.0,500,0.03,main,dfl_linear,150,0.0049764511129887,0.0048523743577292,0.0029187530170728,0.0027337883479802,0.0380337633369862,0.0106425852670908,0.0375528933998548,0.0004808699371313,1.0601861399364,0.0533333333333333
dfl,mlp,44,10.0,500,0.03,main,dfl_mlp,150,0.0042458853085271,0.0041746597378793,0.0030544201531864,0.0029662578928814,0.0201732937611256,0.0141800560800978,0.0196924238239943,0.0004808699371313,1.0780466095122607,0.0333333333333333
pto,linear,45,10.0,500,0.03,main,linear,150,0.0021363619433438,0.0017295609408699,0.0012730939002543,-0.0006235217826053,0.2523876167753945,0.110533049995259,0.2517688342281527,0.0006187825472418,0.8290310065246779,0.5666666666666667
pto,mlp,45,10.0,500,0.03,main,mlp,150,0.0017982429400159,0.0013497517290321,0.0010080391079201,-0.0003194716088396,0.1610363938064202,0.0084590702690066,0.1604176112591783,0.0006187825472418,0.9203822294936522,0.4866666666666667
pto,persistence,45,10.0,500,0.03,main,persistence,150,0.0020921983031858,0.0016186230860378,0.0012270397591349,4.180495259518296e-05,0.1845453607203583,0.0075581651347202,0.1839265781731164,0.0006187825472418,0.8968732625797141,0.46
pto,persistence_ma4,45,10.0,500,0.03,main,persistence_ma4,150,0.0021820892044226,0.0017343793872184,0.0012655216509793,2.982415622813812e-06,0.1744914112994312,0.009097422372335,0.1738726287521894,0.0006187825472418,0.9069272120006412,0.4733333333333333
blackbox,linear,45,10.0,500,0.03,main,blackbox_linear,150,,,,,0.0192904167422236,0.008964291415395,0.0186716341949817,0.0006187825472418,1.0621282065578486,0.0333333333333333
blackbox,mlp,45,10.0,500,0.03,main,blackbox_mlp,150,,,,,0.0109883009037327,0.0081544658228034,0.0103695183564908,0.0006187825472418,1.0704303223963398,0.02
dfl,linear,45,10.0,500,0.03,main,dfl_linear,150,0.0077856137156786,0.0077870601535416,0.0050248535834764,0.0049507865981896,0.0149110064266349,0.0084313680046335,0.014292223879393,0.0006187825472418,1.0665076168734375,0.04
dfl,mlp,45,10.0,500,0.03,main,dfl_mlp,150,0.0043543263782298,0.0042476616836712,0.0033900817995249,0.0033555876518055,0.0094285508100973,0.0073036962841106,0.0088097682628554,0.0006187825472418,1.071990072489975,0.02
pto,linear,46,10.0,500,0.03,main,linear,150,0.0012655603753595,0.0010920687736985,0.0007501966715207,9.638177172774562e-05,0.1121248256267427,0.0071169461146943,0.1116086678967022,0.0005161577300404,0.9892356546767458,0.2866666666666667
pto,mlp,46,10.0,500,0.03,main,mlp,150,0.0012677539547335,0.0010995601061793,0.0007157982221949,0.0001059847545114,0.1241331500981331,0.006624650767507,0.1236169923680927,0.0005161577300404,0.9772273302053556,0.3466666666666667
pto,persistence,46,10.0,500,0.03,main,persistence,150,0.0013359560432334,0.0011731225569333,0.0007903687374856,2.5682355897755493e-05,0.2511581260200345,0.0082018763419382,0.2506419682899941,0.0005161577300404,0.850202354283454,0.42
pto,persistence_ma4,46,10.0,500,0.03,main,persistence_ma4,150,0.00142312969114,0.0013096731147315,0.000851366157998,0.0001355546709638,0.1715572695150707,0.0087335384579263,0.1710411117850303,0.0005161577300404,0.929803210788418,0.4066666666666667
blackbox,linear,46,10.0,500,0.03,main,blackbox_linear,150,,,,,0.0182088608237997,0.016792813408507,0.0176927030937592,0.0005161577300404,1.0831516194796889,0.0133333333333333
blackbox,mlp,46,10.0,500,0.03,main,blackbox_mlp,150,,,,,0.0158354909718745,0.0136225249060768,0.015319333241834,0.0005161577300404,1.085524989331614,0.0133333333333333
dfl,linear,46,10.0,500,0.03,main,dfl_linear,150,0.0036512844066616,0.0035049105683323,0.002714254536271,0.0026787318159285,0.0165745440755008,0.0126316610933874,0.0160583863454603,0.0005161577300404,1.0847859362279877,0.0133333333333333
dfl,mlp,46,10.0,500,0.03,main,dfl_mlp,150,0.0034496297587466,0.0033340706725947,0.003019324297107,0.0029776692949626,0.0183380357367132,0.0152024928130252,0.0178218780066727,0.0005161577300404,1.083022444566775,0.02
pto,mlp,42,10.0,500,0.03,main,mlp,150,0.0018693932635061876,0.0016284006834330338,0.0011284629588047136,-0.0003594374123238864,0.23897312856069036,0.010840864452961507,0.23843896541015236,0.0005341631505380443,0.8547957914785138,0.47333333333333333
